0.711111111111,0,1.21913469994
0.222222222222,0,0.241465619377
0.444444444444,0,0.293715754288
0.133333333333,0,0.276338213399
0.155555555556,0,0.210041428892
0.333333333333,0,0.457731151647
0.4,0,0.393105577046
0.222222222222,0,0.255831452168
0.288888888889,0,0.285680465959
0.222222222222,0,0.351420556269
0.444444444444,0,0.259202844303
0.266666666667,0,0.289264634255
0.333333333333,0,0.353407861285
0.155555555556,0,0.254598087591
0.177777777778,0,0.239837036562
0.222222222222,0,0.243664074722
0.4,0,0.282918293927
0.333333333333,0,0.428814858706
0.222222222222,0,0.309484603284
0.222222222222,0,0.509588805416
0.333333333333,0,0.256506629929
0.444444444444,0,0.542651737026
0.333333333333,0,0.324076014699
0.133333333333,0,0.273700019406
0.2,0,0.240785270802
0.155555555556,0,0.243679418248
0.333333333333,0,0.543935160168
0.133333333333,0,0.263410058507
0.511111111111,0,0.438690339907
0.422222222222,0,0.42392797011
0.155555555556,0,0.244219641597
0.733333333333,0,0.617081387122
0.222222222222,0,0.25045405148
0.355555555556,0,0.299760024546
0.222222222222,0,0.246153682693
0.444444444444,0,0.38224349134
0.133333333333,0,0.249546834698
0.155555555556,0,0.25344340505
0.288888888889,0,0.349656091008
0.177777777778,0,0.242939797238
0.688888888889,0,0.543709159378
0.155555555556,0,0.246769532553
0.355555555556,0,0.22812299112
0.444444444444,0,0.3498519633
1.0,0,1.37787452703
0.444444444444,0,0.480745422478
0.155555555556,0,0.238465010194
0.266666666667,0,0.290198307697
0.288888888889,0,0.249361541023
0.222222222222,0,0.258441052526
0.155555555556,0,0.23097427801
0.177777777778,0,0.412742994026
0.177777777778,0,0.184650585571
0.177777777778,0,0.176174853712
0.133333333333,0,0.308546432084
0.133333333333,0,0.233006685745
0.133333333333,0,0.282105940779
0.311111111111,0,0.364845707797
0.222222222222,0,0.368833940533
0.4,0,0.286721988316
0.555555555556,0,0.555824592083
0.177777777778,0,0.251067484213
0.155555555556,0,0.2426929628
0.355555555556,0,0.327390601547
0.222222222222,0,0.28336906156
0.133333333333,0,0.275496625536
0.133333333333,0,0.24512236083
0.222222222222,0,0.258212621447
0.4,0,0.271377125451
1.11111111111,0,1.07750291524
0.177777777778,0,0.201159604114
0.288888888889,0,0.346898134066
0.555555555556,0,0.574525541914
0.333333333333,0,0.308863245173
0.222222222222,0,0.299731619091
0.222222222222,0,0.243047649315
0.333333333333,0,0.246834522228
0.155555555556,0,0.234298173226
0.177777777778,0,0.307079026439
0.444444444444,0,0.44380371091
0.288888888889,0,0.364817110112
0.222222222222,0,0.274398272892
0.222222222222,0,0.246831202596
0.133333333333,0,0.196065200967
0.133333333333,0,0.234436863811
0.284633245784,0,0.26775066688
0.266666666667,0,0.313514402601
0.4,0,0.257160452541
0.333333333333,0,0.262991683089
0.177777777778,0,0.294018231164
0.133333333333,0,0.264060672657
0.222222222222,0,0.310115979079
0.177777777778,0,0.23844861616
0.155555555556,0,0.25254487119
0.333333333333,0,0.257693655853
0.222222222222,0,0.275428596401
0.288888888889,0,0.247767872081
0.222222222222,0,0.282745706678
0.266666666667,0,0.498231394196
0.333333333333,0,0.467377994697
0.133333333333,0,0.237050088113
0.222222222222,0,0.280838495412
0.8,0,0.811982627393
0.555555555556,0,0.478969106984
0.133333333333,0,0.241233645654
0.222222222222,0,0.312552235238
0.4,0,0.364243961913
0.444444444444,0,0.358439365587
0.222222222222,0,0.28629665006
0.155555555556,0,0.242678157022
0.222222222222,0,0.416600295589
0.133333333333,0,0.253541651106
0.4,0,0.542826020027
0.222222222222,0,0.24219467772
0.133333333333,0,0.260320604256
0.133333333333,0,0.278854528408
0.284633245784,0,0.270429810512
0.288888888889,0,0.257878194958
0.666666666667,0,0.634646798515
0.284633245784,0,0.291167679329
0.222222222222,0,0.327184790492
0.222222222222,0,0.378044929612
0.133333333333,0,0.290454586264
0.155555555556,0,0.271831362254
0.444444444444,0,0.38721631089
0.133333333333,0,0.205333950964
0.222222222222,0,0.227100552904
0.2,0,0.30807100928
0.333333333333,0,0.256925353212
0.444444444444,0,0.375708746951
0.444444444444,0,0.356661853966
0.311111111111,0,0.463119742127
0.444444444444,0,0.454891670913
0.222222222222,0,0.250640779559
0.444444444444,0,0.358430185654
0.222222222222,0,0.416304853135
0.222222222222,0,0.260333686475
0.288888888889,0,0.269189309323
0.222222222222,0,0.278550600175
0.333333333333,0,0.241607005987
0.444444444444,0,0.272684744706
0.133333333333,0,0.246500976498
0.133333333333,0,0.214873135734
0.333333333333,0,0.321357888583
0.555555555556,0,0.497666859053
0.155555555556,0,0.329824201272
0.177777777778,0,0.24396410571
0.266666666667,0,0.213753725812
0.444444444444,0,0.401727889025
0.288888888889,0,0.306303911024
0.4,0,0.337319837492
0.155555555556,0,0.258932170579
0.133333333333,0,0.265067146136
0.155555555556,0,0.243939816218
0.133333333333,0,0.27823525439
0.2,0,0.257266953546
0.333333333333,0,0.316575047443
0.266666666667,0,0.279319193936
0.222222222222,0,0.242065425045
0.222222222222,0,0.296716397874
0.155555555556,0,0.247410309723
0.222222222222,0,0.211269985313
0.155555555556,0,0.214036167104
0.155555555556,0,0.277754303315
0.266666666667,0,0.243117524701
0.177777777778,0,0.243715047952
0.222222222222,0,0.583693119031
0.266666666667,0,0.20090915216
0.155555555556,0,0.231473395429
0.155555555556,0,0.236739989763
0.177777777778,0,0.267222896628
0.177777777778,0,0.284590649632
0.555555555556,0,0.791496949109
0.444444444444,0,0.470788146667
0.444444444444,0,0.337181417096
0.333333333333,0,0.239549811607
0.266666666667,0,0.244889969413
0.133333333333,0,0.278472844111
0.177777777778,0,0.195537205769
0.155555555556,0,0.258066289986
0.155555555556,0,0.244168365456
0.444444444444,0,0.277947509036
0.133333333333,0,0.24129822822
0.177777777778,0,0.299415732739
0.4,0,0.359999791767
0.222222222222,0,0.302305993867
0.177777777778,0,0.256259696815
0.133333333333,0,0.285891285306
0.133333333333,0,0.2531357176
0.177777777778,0,0.266852419114
0.133333333333,0,0.236712787746
0.755555555556,0,0.63215613253
0.222222222222,0,0.285722646223
0.222222222222,0,0.184878906696
0.777777777778,0,1.08487093524
0.555555555556,0,0.554513937134
0.444444444444,0,0.477090243897
0.177777777778,0,0.361398861369
0.222222222222,0,0.341962170241
0.222222222222,0,0.251236114254
0.222222222222,0,0.337452924197
0.444444444444,0,0.291675558231
0.266666666667,0,0.308049473377
0.622222222222,0,0.437227206841
0.533333333333,0,0.450982918491
0.511111111111,0,0.448319609839
0.444444444444,0,0.389664955064
0.222222222222,0,0.392599980516
0.177777777778,0,0.273977211438
0.222222222222,0,0.24411789385
0.333333333333,0,0.297889310517
0.133333333333,0,0.233414895351
0.4,0,0.407890985559
0.333333333333,0,0.371690669669
0.222222222222,0,0.256557522591
0.333333333333,0,0.338110640645
0.444444444444,0,0.324500457644
0.355555555556,0,0.282380553111
0.555555555556,0,0.580291392744
0.333333333333,0,0.399201791209
0.266666666667,0,0.22386079119
0.133333333333,0,0.267748128155
0.177777777778,0,0.248266306657
0.222222222222,0,0.293361603296
0.266666666667,0,0.367230993352
0.666666666667,0,0.53275986555
0.222222222222,0,0.319930691505
0.444444444444,0,0.245831300351
0.266666666667,0,0.245748735453
0.222222222222,0,0.27852356553
0.444444444444,0,0.31492093253
0.666666666667,0,0.525374461978
0.333333333333,0,0.330437015751
0.288888888889,0,0.310700596756
0.266666666667,0,0.272829465862
0.133333333333,0,0.218742792672
0.444444444444,0,0.411485089842
0.266666666667,0,0.336124928755
0.4,0,0.329068279563
0.133333333333,0,0.305378056579
0.444444444444,0,0.354708752133
0.133333333333,0,0.246468777598
0.333333333333,0,0.604306404701
0.133333333333,0,0.230251696042
0.177777777778,0,0.29710849883
0.222222222222,0,0.258055084575
0.222222222222,0,0.215286111489
0.444444444444,0,0.370633635142
0.177777777778,0,0.283204451088
0.333333333333,0,0.349596673603
0.333333333333,0,0.348803286169
0.177777777778,0,0.242688350898
0.666666666667,0,0.575103953687
0.333333333333,0,0.273710112998
0.133333333333,0,0.267708741609
0.177777777778,0,0.304090737851
0.133333333333,0,0.229325656774
0.133333333333,0,0.265472116677
0.222222222222,0,0.259483741235
0.177777777778,0,0.25829159664
0.222222222222,0,0.173358192412
0.222222222222,0,0.324235845985
0.133333333333,0,0.264781583251
0.288888888889,0,0.249531022858
0.4,0,0.416785313785
0.284633245784,0,0.279202158762
0.444444444444,0,0.324178141317
0.133333333333,0,0.238341329754
0.4,0,0.445216189847
0.266666666667,0,0.310895049576
0.133333333333,0,0.273339890651
0.133333333333,0,0.212846600208
0.222222222222,0,0.320047241758
0.155555555556,0,0.239392672
0.222222222222,0,0.262456697529
0.177777777778,0,0.355274492698
0.666666666667,0,0.665424766441
0.177777777778,0,0.232554593834
0.222222222222,0,0.316021953463
0.222222222222,0,0.3232275114
0.511111111111,0,0.376077074248
0.288888888889,0,0.23426340529
0.177777777778,0,0.220854962477
0.222222222222,0,0.257165535713
0.4,0,0.263143599872
0.155555555556,0,0.205289023412
0.4,0,0.286542297934
0.177777777778,0,0.297147809357
0.155555555556,0,0.244883649715
0.333333333333,0,0.27921071378
0.133333333333,0,0.276695648487
0.177777777778,0,0.278009125729
0.555555555556,0,0.62916263692
0.222222222222,0,0.275391415519
0.444444444444,0,0.497761577218
0.177777777778,0,0.256640266692
0.177777777778,0,0.312496456053
0.222222222222,0,0.276515686586
0.444444444444,0,0.297991276459
0.333333333333,0,0.252528602258
0.4,0,0.412929269269
0.288888888889,0,0.336410535821
0.511111111111,0,0.489350008309
0.222222222222,0,0.198796835956
0.266666666667,0,0.279480532467
0.284633245784,0,0.274783375141
0.222222222222,0,0.232877861887
0.222222222222,0,0.330538565159
0.4,0,0.362861494322
0.222222222222,0,0.225541095188
0.222222222222,0,0.359427211707
0.222222222222,0,0.303690556151
0.4,0,0.374247801791
0.4,0,0.377628784119
0.133333333333,0,0.273625103367
0.177777777778,0,0.243938869908
0.222222222222,0,0.256190282769
0.222222222222,0,0.253352441657
0.333333333333,0,0.528597223946
0.444444444444,0,0.412085034863
0.555555555556,0,1.01537252705
0.6,0,0.455592514887
0.444444444444,0,0.305674838203
0.4,0,0.319555471543
0.155555555556,0,0.229177073777
0.266666666667,0,0.280752262402
0.133333333333,0,0.22413621707
0.177777777778,0,0.250211425009
0.133333333333,0,0.274291475126
0.222222222222,0,0.321931269317
0.444444444444,0,0.275593683162
0.133333333333,0,0.244497921818
0.133333333333,0,0.272807458565
0.444444444444,0,0.380004832933
0.155555555556,0,0.237431748781
0.133333333333,0,0.23324050035
0.333333333333,0,0.24877594715
0.377777777778,0,0.30655973122
0.444444444444,0,0.324635084623
0.444444444444,0,0.405076959375
0.133333333333,0,0.237061269894
0.133333333333,0,0.23770129143
0.222222222222,0,0.302709966102
0.177777777778,0,0.219884382429
0.444444444444,0,0.417616514859
0.133333333333,0,0.233640141611
0.222222222222,0,0.3531763326
0.155555555556,0,0.23747184314
0.222222222222,0,0.252433843963
0.266666666667,0,0.258248296315
0.222222222222,0,0.303280902043
0.133333333333,0,0.237039407956
0.155555555556,0,0.242524923424
0.222222222222,0,0.284007055202
0.177777777778,0,0.208676590129
0.444444444444,0,0.360616730515
0.155555555556,0,0.297111816493
0.133333333333,0,0.264177016334
0.133333333333,0,0.267099615018
0.444444444444,0,0.382666384501
0.266666666667,0,0.352807205745
0.133333333333,0,0.263696671899
0.222222222222,0,0.343848923094
0.222222222222,0,0.1875270662
0.155555555556,0,0.284395386207
0.155555555556,0,0.279219343856
0.133333333333,0,0.17619689195
0.133333333333,0,0.244017577382
0.4,0,0.320208793932
0.4,0,0.318309906845
0.133333333333,0,0.234403422663
0.222222222222,0,0.236912687033
0.133333333333,0,0.243369501958
0.133333333333,0,0.298853176862
0.444444444444,0,0.40797060305
0.155555555556,0,0.236356384484
0.488888888889,0,0.462689540419
0.222222222222,0,0.267402461896
0.333333333333,0,0.894910038937
0.222222222222,0,0.287292187506
0.133333333333,0,0.232867756163
0.155555555556,0,0.207694996331
0.133333333333,0,0.234774426804
0.333333333333,0,0.358327424265
0.777777777778,0,0.689086250384
0.444444444444,0,0.347063404931
0.177777777778,0,0.25027471807
0.444444444444,0,0.381311737962
0.133333333333,0,0.243076673064
0.177777777778,0,0.506031643277
0.177777777778,0,0.258368899984
0.284633245784,0,0.264105231673
0.284633245784,0,0.26412326538
0.222222222222,0,0.261687102187
0.333333333333,0,0.267680151475
0.222222222222,0,0.307420600721
0.311111111111,0,0.241140184277
0.333333333333,0,0.258978617947
0.4,0,0.418610054527
0.177777777778,0,0.248705853402
0.222222222222,0,0.213275933031
0.288888888889,0,0.262658457267
0.511111111111,0,0.532977209702
0.4,0,0.362798978201
0.333333333333,0,0.299943315545
0.177777777778,0,0.244332718796
0.133333333333,0,0.250225405279
0.266666666667,0,0.285982537282
0.311111111111,0,0.264594153474
0.133333333333,0,0.237913955233
0.284633245784,0,0.280092025937
0.488888888889,0,0.442176146609
0.444444444444,0,0.559415720959
0.355555555556,0,0.35816708938
0.155555555556,0,0.294836874533
0.333333333333,0,0.376802185542
0.4,0,0.245521471484
0.888888888889,0,0.625068538361
0.2,0,0.255809642005
0.284633245784,0,0.267618565595
0.222222222222,0,0.369086137763
0.288888888889,0,0.227846501703
0.155555555556,0,0.255074842793
0.444444444444,0,0.256873273611
0.288888888889,0,0.29726634618
0.155555555556,0,0.258464176878
0.133333333333,0,0.280797441549
0.733333333333,0,1.41794681631
0.222222222222,0,0.243363303111
0.222222222222,0,0.321370335389
0.711111111111,0,0.547691822186
0.288888888889,0,0.302328039396
0.284633245784,0,0.275023678673
0.155555555556,0,0.239333604597
0.222222222222,0,0.197429734649
0.222222222222,0,0.280789386863
0.177777777778,0,0.296500421873
0.266666666667,0,0.254427127219
0.444444444444,0,0.424223274005
0.177777777778,0,0.257405949877
0.4,0,0.285360349462
0.133333333333,0,0.238261498045
0.266666666667,0,0.299111771669
0.355555555556,0,0.331314181145
0.222222222222,0,0.31870625384
0.4,0,0.334749747135
0.333333333333,0,0.3156085663
0.133333333333,0,0.234741248283
0.288888888889,0,0.266118207319
0.284633245784,0,0.271942978649
0.155555555556,0,0.24487818181
0.266666666667,0,0.242052946785
0.711111111111,0,0.636741578711
0.133333333333,0,0.252784235386
0.155555555556,0,0.236151069284
0.222222222222,0,0.257776321454
0.155555555556,0,0.239135846609
0.177777777778,0,0.278028681345
0.155555555556,0,0.237329411867
0.155555555556,0,0.273172542473
0.377777777778,0,0.26360019927
0.822222222222,0,0.720286203372
0.444444444444,0,0.455356526814
0.222222222222,0,0.261513886824
0.133333333333,0,0.235248993449
0.511111111111,0,0.449647987345
0.333333333333,0,0.220348300761
0.155555555556,0,0.240276135708
0.4,0,0.27508761923
0.133333333333,0,0.238056298964
0.133333333333,0,0.264052531226
0.511111111111,0,0.477104604425
0.155555555556,0,0.217364453423
0.333333333333,0,0.398237312396
0.511111111111,0,0.392862781573
0.177777777778,0,0.216475118209
0.133333333333,0,0.257483233292
0.266666666667,0,0.262293834031
0.4,0,0.341805254399
0.177777777778,0,0.304024256481
0.222222222222,0,0.293066659871
0.222222222222,0,0.241153234592
0.333333333333,0,0.576373683353
0.4,0,0.424353327828
0.133333333333,0,0.280122315562
0.133333333333,0,0.279336185978
0.444444444444,0,0.471223688558
0.177777777778,0,0.244863560425
0.888888888889,0,0.708765969945
0.133333333333,0,0.271763779622
0.333333333333,0,0.365571691914
0.888888888889,0,0.870759383686
0.266666666667,0,0.264692293516
0.555555555556,0,0.520358424118
0.133333333333,0,0.244834609388
0.666666666667,0,0.763118545925
0.222222222222,0,0.240539125568
0.133333333333,0,0.282866159913
0.177777777778,0,0.282749519284
0.444444444444,0,0.634212713419
0.133333333333,0,0.191547747497
0.266666666667,0,0.348720596974
0.533333333333,0,0.623948329429
0.444444444444,0,0.42016533601
0.284633245784,0,0.278094749047
0.177777777778,0,0.274876150818
0.133333333333,0,0.304597747725
0.133333333333,0,0.265573840794
0.155555555556,0,0.252813628705
0.177777777778,0,0.395978169011
0.466666666667,0,0.42834999072
0.155555555556,0,0.293996114339
0.222222222222,0,0.318935802466
0.133333333333,0,0.238182097206
0.133333333333,0,0.261025757241
0.177777777778,0,0.250481883365
0.133333333333,0,0.244219362315
0.133333333333,0,0.272143844793
0.444444444444,0,0.332950006625
0.266666666667,0,0.265334991285
0.555555555556,0,0.418503517952
0.622222222222,0,0.485679008744
0.133333333333,0,0.252738625863
0.333333333333,0,0.35969097278
0.2,0,0.283538537264
0.222222222222,0,0.318328884621
0.444444444444,0,0.405544611047
0.222222222222,0,0.357689467529
0.222222222222,0,0.24297984434
0.222222222222,0,0.311445038931
0.333333333333,0,0.325708944128
0.133333333333,0,0.274617307455
0.284633245784,0,0.279175108201
0.133333333333,0,0.278220897458
0.333333333333,0,0.356566956746
0.177777777778,0,0.250829345609
0.222222222222,0,0.346552341771
0.288888888889,0,0.257574965189
0.4,0,0.311112803034
0.333333333333,0,0.373057750807
0.155555555556,0,0.285085552181
0.444444444444,0,0.276487426293
0.177777777778,0,0.238257474381
0.488888888889,0,0.480806189519
0.177777777778,0,0.297288329274
0.666666666667,0,0.584788974234
0.288888888889,0,0.274066490789
0.222222222222,0,0.29966926071
0.444444444444,0,0.360625511499
0.311111111111,0,0.200686301925
0.133333333333,0,0.228085712513
0.155555555556,0,0.24432824127
0.133333333333,0,0.234621578
0.666666666667,0,0.914305381343
0.177777777778,0,0.282774358778
0.177777777778,0,0.22468849623
0.4,0,0.533086786258
0.288888888889,0,0.317774450357
0.4,0,0.449970051133
0.222222222222,0,0.306421420999
0.222222222222,0,0.239980343258
0.288888888889,0,0.290460052912
0.155555555556,0,0.279797944825
0.311111111111,0,0.335308393769
0.333333333333,0,0.299096373389
0.777777777778,0,0.76918615561
0.177777777778,0,0.268951555496
0.4,0,0.315569516915
0.155555555556,0,0.20078852067
0.444444444444,0,0.389060732763
0.177777777778,0,0.238541761135
0.177777777778,0,0.261832857108
0.155555555556,0,0.295092997848
0.177777777778,0,0.300562629323
0.155555555556,0,0.23951504942
0.222222222222,0,0.199355039205
0.2,0,0.246086544418
0.4,0,0.371000989862
0.555555555556,0,0.561646148673
0.288888888889,0,0.259609150412
0.177777777778,0,0.271767691635
0.333333333333,0,0.26946393299
0.888888888889,0,1.01387831666
0.333333333333,0,0.23051759641
0.133333333333,0,0.252707110646
0.284633245784,0,0.260088179529
0.177777777778,0,0.303507980941
0.266666666667,0,0.248087888536
0.177777777778,0,0.260378584248
0.622222222222,0,0.501328391472
0.133333333333,0,0.250237368124
0.284633245784,0,0.266535755257
0.155555555556,0,0.267159318846
0.222222222222,0,0.306080076677
0.333333333333,0,0.442783399136
0.155555555556,0,0.248693361479
0.155555555556,0,0.243046423723
0.177777777778,0,0.197350938005
0.177777777778,0,0.252195752617
0.155555555556,0,0.254737717512
0.888888888889,0,0.958333286193
0.155555555556,0,0.268919975068
0.333333333333,0,0.262631462681
0.444444444444,0,0.403392715459
0.333333333333,0,0.253960351835
0.222222222222,0,0.244896272457
0.488888888889,0,0.573794407393
0.222222222222,0,0.209353895069
0.155555555556,0,0.295421310016
0.333333333333,0,0.320862293463
0.222222222222,0,0.242577261069
0.177777777778,0,0.252238998499
0.155555555556,0,0.247622631975
0.133333333333,0,0.281071204054
0.177777777778,0,0.162649048508
0.133333333333,0,0.247771039751
0.266666666667,0,0.303469422489
0.222222222222,0,0.29338151555
0.777777777778,0,1.5265363948
0.222222222222,0,0.329148427488
0.955555555556,0,0.65075866484
0.666666666667,0,0.570017092654
0.155555555556,0,0.279033977392
0.822222222222,0,0.674099558951
0.4,0,0.282821462626
0.2,0,0.244893366907
0.466666666667,0,0.36749421998
0.333333333333,0,0.430205148794
0.222222222222,0,0.231635905628
0.133333333333,0,0.259761646862
0.888888888889,0,0.537328973545
0.133333333333,0,0.29842121953
0.177777777778,0,0.223598730976
0.222222222222,0,0.288649279265
0.177777777778,0,0.289387702574
0.266666666667,0,0.383485497302
0.666666666667,0,0.523002882062
0.155555555556,0,0.232306784451
0.133333333333,0,0.315083079877
0.466666666667,0,0.445344888176
0.155555555556,0,0.242710086322
0.155555555556,0,0.207206286187
0.222222222222,0,0.256287431059
0.133333333333,0,0.292435664754
0.155555555556,0,0.169886069943
0.133333333333,0,0.269952967767
0.155555555556,0,0.246436386958
0.333333333333,0,0.546584087318
0.284633245784,0,0.302738473019
0.355555555556,0,0.282802404617
0.688888888889,0,0.606862301573
0.133333333333,0,0.236596507983
0.444444444444,0,0.306984926095
0.333333333333,0,0.372754395424
0.311111111111,0,0.264948915302
0.222222222222,0,0.232626314981
0.333333333333,0,0.243555960019
0.666666666667,0,0.467910535034
0.444444444444,0,0.341966152965
0.266666666667,0,0.281389599789
0.177777777778,0,0.197787580019
0.177777777778,0,0.294727676887
0.133333333333,0,0.236345197754
0.133333333333,0,0.236262619343
0.377777777778,0,0.378023967453
0.133333333333,0,0.240166242756
0.222222222222,0,0.248260879036
0.266666666667,0,0.243830231477
0.177777777778,0,0.20661388195
0.155555555556,0,0.253416354488
0.133333333333,0,0.244728525418
0.266666666667,0,0.300710126405
0.222222222222,0,0.521749450451
0.555555555556,0,0.53250213097
0.155555555556,0,0.255417220611
0.155555555556,0,0.236198365739
0.155555555556,0,0.237207553027
0.288888888889,0,0.302100339588
0.284633245784,0,0.241354476193
0.155555555556,0,0.233645152662
0.222222222222,0,0.237028417914
0.711111111111,0,0.927557889188
0.4,0,0.524941740889
0.622222222222,0,1.04680275485
1.0,0,0.901214845362
0.266666666667,0,0.268263275914
0.177777777778,0,0.449423234857
0.311111111111,0,0.371194960988
0.266666666667,0,0.260799901564
0.155555555556,0,0.236779121158
0.222222222222,0,0.241835030446
0.133333333333,0,0.264200302578
0.177777777778,0,0.246339127496
0.284633245784,0,0.306121724171
0.284633245784,0,0.2643908821
0.333333333333,0,0.317591414954
0.511111111111,0,0.271767725111
0.222222222222,0,0.259252050033
0.133333333333,0,0.237083179091
0.222222222222,0,0.209566432721
0.266666666667,0,0.321866631883
0.4,0,0.447664926877
0.133333333333,0,0.237878707921
0.222222222222,0,0.313494360888
0.133333333333,0,0.271938513993
0.266666666667,0,0.257805407047
0.177777777778,0,0.201539251774
0.222222222222,0,0.301560041846
0.333333333333,0,0.37534623934
0.266666666667,0,0.40500417437
0.444444444444,0,0.452078912981
0.155555555556,0,0.252949419013
0.222222222222,0,0.242337920503
0.2,0,0.224910296396
0.133333333333,0,0.296053675903
0.133333333333,0,0.264540316755
0.222222222222,0,0.349926850788
0.2,0,0.316548819442
0.155555555556,0,0.244410968715
0.155555555556,0,0.241629400628
0.284633245784,0,0.216810638088
0.155555555556,0,0.23853968375
0.133333333333,0,0.22359092796
0.444444444444,0,0.335823201594
0.133333333333,0,0.235294666885
0.133333333333,0,0.240091831826
0.222222222222,0,0.236871544981
0.133333333333,0,0.207360000591
0.133333333333,0,0.264355602565
0.555555555556,0,0.643861866557
0.333333333333,0,0.449355254323
0.177777777778,0,0.248887610802
0.222222222222,0,0.239760174449
0.288888888889,0,0.248642906528
0.222222222222,0,0.251111932057
0.133333333333,0,0.252779595645
0.133333333333,0,0.245754153393
0.155555555556,0,0.236178581186
0.177777777778,0,0.292364527181
0.222222222222,0,0.344773900807
0.222222222222,0,0.314722149768
0.155555555556,0,0.247710086702
0.377777777778,0,0.36410442155
0.4,0,0.353039812438
0.155555555556,0,0.234606759728
0.177777777778,0,0.328271192537
0.222222222222,0,0.298512881113
0.511111111111,0,0.362231920342
0.133333333333,0,0.264875165937
0.4,0,0.362996451387
0.355555555556,0,0.28874105746
0.888888888889,0,0.752153417138
0.333333333333,0,0.254216897944
0.288888888889,0,0.348746506254
0.622222222222,0,0.446288852181
0.155555555556,0,0.235237414241
0.333333333333,0,0.343137193582
0.177777777778,0,0.352083491447
0.222222222222,0,0.286655123398
0.133333333333,0,0.24632711755
0.333333333333,0,0.302536213695
0.155555555556,0,0.250767588025
0.333333333333,0,0.540041978282
0.155555555556,0,0.244901464422
0.288888888889,0,0.584564712073
0.511111111111,0,0.456131428782
0.177777777778,0,0.254899822167
0.155555555556,0,0.284000852291
0.155555555556,0,0.237404388334
0.222222222222,0,0.291351231209
0.222222222222,0,0.242083084955
0.266666666667,0,0.32909762797
0.444444444444,0,0.467040170593
0.177777777778,0,0.247835983226
0.222222222222,0,0.237712910923
0.333333333333,0,0.411900802607
0.222222222222,0,0.250825342294
0.266666666667,0,0.258421553173
0.266666666667,0,0.240893184312
0.222222222222,0,0.335758001685
0.222222222222,0,0.27551048363
0.533333333333,0,0.423067071965
0.333333333333,0,0.269885600712
0.177777777778,0,0.332281564906
0.133333333333,0,0.28888723023
0.155555555556,0,0.284336841521
0.4,0,0.35687423176
0.222222222222,0,0.218102501445
0.222222222222,0,0.273023472579
0.177777777778,0,0.240014572286
0.222222222222,0,0.302279080293
0.222222222222,0,0.357446834894
0.222222222222,0,0.24683297707
0.333333333333,0,0.258910803291
0.133333333333,0,0.23614603909
0.222222222222,0,0.244786565337
0.266666666667,0,0.319745460569
0.155555555556,0,0.244432416571
0.444444444444,0,0.468244433125
0.333333333333,0,0.321662893444
0.444444444444,0,0.313879241789
0.177777777778,0,0.32998854431
0.284633245784,0,0.265238378816
0.222222222222,0,0.264982122342
0.2,0,0.243083693101
0.222222222222,0,0.2733767031
0.155555555556,0,0.288149756968
0.155555555556,0,0.246057734164
0.133333333333,0,0.235125909018
0.333333333333,0,0.259708459699
0.2,0,0.335685230263
0.133333333333,0,0.252183934411
0.266666666667,0,0.227362537219
0.577777777778,0,0.475321303852
0.555555555556,0,0.432605772564
0.155555555556,0,0.231583222224
0.2,0,0.245377037948
0.311111111111,0,0.292651607822
0.177777777778,0,0.244254197164
0.333333333333,0,0.236653064664
0.133333333333,0,0.246189588644
0.222222222222,0,0.241209538566
0.133333333333,0,0.239696228308
0.333333333333,0,0.33261502801
0.666666666667,0,0.70138499268
0.333333333333,0,0.505188099219
0.444444444444,0,0.30621033621
0.177777777778,0,0.254288490866
0.222222222222,0,0.215356638623
0.4,0,0.355981056139
0.333333333333,0,0.302856286549
0.133333333333,0,0.264194349704
0.377777777778,0,0.244198649809
0.511111111111,0,0.423473060922
0.444444444444,0,0.36249398937
0.844444444444,0,1.10084434124
0.266666666667,0,0.300420668083
0.733333333333,0,0.957006365794
0.133333333333,0,0.200224322794
0.444444444444,0,0.342772493969
0.266666666667,0,0.216593526626
0.222222222222,0,0.23209773128
1.11111111111,0,2.44450624791
0.222222222222,0,0.176978172075
0.155555555556,0,0.241605851757
0.222222222222,0,0.242915699485
0.177777777778,0,0.241772333525
0.222222222222,0,0.286364079706
0.155555555556,0,0.211189337685
0.4,0,0.448199275478
0.222222222222,0,0.24522469077
0.177777777778,0,0.254426481113
0.511111111111,0,0.358276011756
0.333333333333,0,0.263150055606
0.666666666667,0,0.533785207837
0.222222222222,0,0.441764029801
0.555555555556,0,0.599442443213
0.4,0,0.32588585379
0.222222222222,0,0.19982370605
0.155555555556,0,0.235144269265
0.333333333333,0,0.231187563384
0.133333333333,0,0.280077076847
0.177777777778,0,0.244863084396
0.222222222222,0,0.270630600225
0.444444444444,0,0.304380426445
0.177777777778,0,0.257033559892
0.222222222222,0,0.297608808362
0.666666666667,0,0.581674963632
0.133333333333,0,0.314879911408
0.177777777778,0,0.236825582474
0.133333333333,0,0.267633710408
0.4,0,0.465936237191
0.333333333333,0,0.36186812275
0.333333333333,0,0.225154326066
0.333333333333,0,0.269510326827
0.622222222222,0,0.325003137317
0.155555555556,0,0.269747875499
0.222222222222,0,0.245215761458
0.133333333333,0,0.255617955037
0.222222222222,0,0.25782785883
0.133333333333,0,0.278343371076
0.222222222222,0,0.249695268811
0.222222222222,0,0.310865666708
0.177777777778,0,0.242458705206
0.155555555556,0,0.250478260822
0.222222222222,0,0.276682182581
0.177777777778,0,0.231494381583
0.222222222222,0,0.241524652814
0.444444444444,0,0.379172534533
0.4,0,0.316481002912
0.333333333333,0,0.352620146532
0.444444444444,0,0.499098037649
0.133333333333,0,0.252968161695
0.333333333333,0,0.324205307074
0.133333333333,0,0.266842328287
0.333333333333,0,0.277952591058
0.177777777778,0,0.26919404883
0.155555555556,0,0.252066376096
0.333333333333,0,0.290977309439
0.288888888889,0,0.329596408422
0.4,0,0.410394636194
0.444444444444,0,0.316523243458
0.177777777778,0,0.247169577098
0.133333333333,0,0.241655074142
0.177777777778,0,0.352482496042
0.177777777778,0,0.212699747035
0.4,0,0.258745572665
0.555555555556,0,0.512626239962
0.822222222222,0,0.818663652496
0.222222222222,0,0.244200632021
0.444444444444,0,0.441763092207
0.222222222222,0,0.320066930834
0.133333333333,0,0.27879368653
0.133333333333,0,0.24394999475
0.222222222222,0,0.714110708425
0.177777777778,0,0.280887188559
0.666666666667,0,0.530709544766
0.155555555556,0,0.251756903218
0.133333333333,0,0.19508980653
0.222222222222,0,0.284004096812
0.666666666667,0,0.443987576261
0.133333333333,0,0.274160477552
0.155555555556,0,0.249746909069
0.133333333333,0,0.236623827644
0.222222222222,0,0.243291016825
0.177777777778,0,0.255216566755
0.266666666667,0,0.336682397476
0.177777777778,0,0.223876752489
0.177777777778,0,0.242698682198
0.288888888889,0,0.25464464613
0.288888888889,0,0.315575207831
0.266666666667,0,0.240697542087
0.222222222222,0,0.262882124812
0.666666666667,0,0.452619733971
0.222222222222,0,0.25250352761
0.133333333333,0,0.272208825598
0.222222222222,0,0.248678758575
0.133333333333,0,0.278796575425
0.4,0,0.363998347536
0.155555555556,0,0.255626553278
0.222222222222,0,0.328237340532
0.355555555556,0,0.215983909268
0.444444444444,0,0.513656045416
0.488888888889,0,0.663807880059
0.222222222222,0,0.251302535207
0.288888888889,0,0.231922973141
0.333333333333,0,0.287936161017
0.222222222222,0,0.216951537113
0.4,0,0.433046230581
0.177777777778,0,0.313352739946
0.4,0,0.391775193262
0.155555555556,0,0.242320610762
0.333333333333,0,0.403400169408
0.222222222222,0,0.247490857229
0.288888888889,0,0.261523683771
0.133333333333,0,0.261423549316
0.284633245784,0,0.265956400514
0.222222222222,0,0.259532733938
0.133333333333,0,0.234639261539
0.177777777778,0,0.191927873324
0.155555555556,0,0.245579920646
0.133333333333,0,0.26090503645
0.444444444444,0,0.343905781937
0.133333333333,0,0.259833727007
0.2,0,0.259906625132
0.511111111111,0,0.516826363109
0.133333333333,0,0.273678153983
0.266666666667,0,0.295545724668
0.133333333333,0,0.234596628453
0.133333333333,0,0.266770368541
0.155555555556,0,0.282446671338
0.222222222222,0,0.244412951584
0.288888888889,0,0.367352916507
0.155555555556,0,0.293403182695
0.444444444444,0,0.51421698364
0.155555555556,0,0.29259677275
0.133333333333,0,0.267869286656
0.666666666667,0,0.460514157194
0.133333333333,0,0.195058188593
0.2,0,0.218248291257
0.2,0,0.351116105952
0.422222222222,0,0.673581236038
0.555555555556,0,0.967869937579
0.133333333333,0,0.286755546139
0.222222222222,0,0.255101729727
0.133333333333,0,0.271775072575
0.4,0,0.321758402634
0.511111111111,0,0.34870271961
0.444444444444,0,0.355135032182
0.222222222222,0,0.250482590678
0.133333333333,0,0.25259619459
0.333333333333,0,0.275986024239
0.377777777778,0,0.348000756407
0.622222222222,0,0.474535480304
0.4,0,0.218109919148
0.333333333333,0,0.259387972575
0.288888888889,0,0.261664071596
0.133333333333,0,0.322897466543
0.284633245784,0,0.280970600159
0.133333333333,0,0.273908915406
0.4,0,0.318243905594
0.333333333333,0,0.208461305865
0.155555555556,0,0.246666863855
0.177777777778,0,0.240365354162
0.355555555556,0,0.344640896773
0.133333333333,0,0.263542247334
0.222222222222,0,0.263485634495
0.222222222222,0,0.228846235476
0.311111111111,0,0.258328155835
0.333333333333,0,0.354709440502
0.177777777778,0,0.366544411635
0.177777777778,0,0.39331349813
0.555555555556,0,0.490200741975
0.288888888889,0,0.257860400248
0.155555555556,0,0.180767557138
0.4,0,0.267462450505
0.333333333333,0,0.272776578406
0.266666666667,0,0.255299795824
0.4,0,0.376770341962
0.284633245784,0,0.27533786788
0.133333333333,0,0.238882172739
0.444444444444,0,0.43680711485
0.133333333333,0,0.249528625906
0.444444444444,0,0.366380005652
0.222222222222,0,0.26017889324
0.222222222222,0,0.259633158298
0.333333333333,0,0.402618900747
0.333333333333,0,0.261800889612
0.177777777778,0,0.245889176883
0.177777777778,0,0.254661879535
0.222222222222,0,0.236070351519
0.2,0,0.303708449098
0.155555555556,0,0.287377447762
0.333333333333,0,0.290387792288
0.222222222222,0,0.243523067754
0.177777777778,0,0.283003222956
0.222222222222,0,0.256002556921
0.155555555556,0,0.23770995896
0.466666666667,0,0.475303043588
0.444444444444,0,0.313641027693
0.222222222222,0,0.237753268212
0.284633245784,0,0.270272059341
0.177777777778,0,0.27078858287
0.333333333333,0,0.255835972455
0.666666666667,0,0.502976114318
0.333333333333,0,0.340855343056
0.284633245784,0,0.262729592442
0.133333333333,0,0.278999936119
0.266666666667,0,0.249136335046
0.284633245784,0,0.263238738284
0.244444444444,0,0.273335077683
0.133333333333,0,0.237146209525
0.333333333333,0,0.513502743141
0.155555555556,0,0.246514259294
0.222222222222,0,0.303053401354
0.177777777778,0,0.243932105524
0.155555555556,0,0.250291182991
0.288888888889,0,0.476215437565
0.177777777778,0,0.458829159115
0.155555555556,0,0.283672501119
0.133333333333,0,0.242446893974
0.284633245784,0,0.28105779226
0.288888888889,0,0.268479459582
0.333333333333,0,0.311962321765
0.155555555556,0,0.237414741951
0.133333333333,0,0.266810725527
0.288888888889,0,0.32082854316
0.288888888889,0,0.31549355829
0.155555555556,0,0.247451964832
0.266666666667,0,0.257928311498
0.133333333333,0,0.276965979017
0.2,0,0.331349154551
0.666666666667,0,0.574382884094
0.222222222222,0,0.270778585831
0.222222222222,0,0.241483181408
0.311111111111,0,0.6921268256
0.133333333333,0,0.230334127293
0.222222222222,0,0.374723739476
0.511111111111,0,0.471909411474
0.666666666667,0,0.56007176608
0.222222222222,0,0.354316366202
0.222222222222,0,0.308092548232
0.133333333333,0,0.278879735577
0.711111111111,0,1.09174165756
0.155555555556,0,0.289936920434
0.377777777778,0,0.417262643437
0.177777777778,0,0.319262873618
0.133333333333,0,0.232743533682
0.222222222222,0,0.28098541823
0.444444444444,0,0.325663700006
0.2,0,0.244765003132
0.266666666667,0,0.31884372908
0.266666666667,0,0.294355450788
0.222222222222,0,0.258521789072
0.177777777778,0,0.291040619832
0.333333333333,0,0.36574854967
0.288888888889,0,0.259191385451
0.333333333333,0,0.395832847867
0.222222222222,0,0.278421895082
0.284633245784,0,0.288059929976
0.266666666667,0,0.261715394995
0.266666666667,0,0.255268782232
0.155555555556,0,0.179290408581
0.444444444444,0,0.539643043252
0.444444444444,0,0.424857908791
0.284633245784,0,0.262697026717
0.2,0,0.248173067165
0.177777777778,0,0.286109699887
0.288888888889,0,0.274087204813
0.222222222222,0,0.252060126012
0.133333333333,0,0.261949590816
0.222222222222,0,0.217780728345
0.222222222222,0,0.24965496039
0.222222222222,0,0.274640388556
0.133333333333,0,0.241015577859
0.466666666667,0,0.498444451653
0.444444444444,0,0.363347016791
0.222222222222,0,0.309469412244
0.688888888889,0,0.761512589548
0.288888888889,0,0.290289527694
0.133333333333,0,0.272239834486
0.133333333333,0,0.298791290449
0.133333333333,0,0.23469213707
0.222222222222,0,0.394388205227
0.266666666667,0,0.339324517915
0.222222222222,0,0.286917547068
0.666666666667,0,0.904412519197
0.311111111111,0,0.285229145491
0.4,0,0.393998792209
0.177777777778,0,0.251084969037
0.266666666667,0,0.309335373557
0.444444444444,0,0.739357026276
0.444444444444,0,0.301354010987
0.355555555556,0,0.356096212477
0.444444444444,0,0.407709721966
0.155555555556,0,0.242484338436
0.133333333333,0,0.237269994295
0.4,0,0.293244132455
0.222222222222,0,0.314146029724
0.4,0,0.365476160591
0.133333333333,0,0.245231350956
0.266666666667,0,0.320756705167
0.284633245784,0,0.264133245199
0.222222222222,0,0.244435561119
0.4,0,0.263807111144
0.266666666667,0,0.29594851285
0.177777777778,0,0.347516597342
0.222222222222,0,0.283605979686
0.555555555556,0,0.439851165284
0.155555555556,0,0.192167634991
0.284633245784,0,0.270508511012
0.284633245784,0,0.276834140359
1.11111111111,0,1.01672273613
0.688888888889,0,0.6409943397
0.222222222222,0,0.290368983929
0.133333333333,0,0.293997472123
0.177777777778,0,0.293049733941
0.4,0,0.474610715338
0.222222222222,0,0.24868694029
0.266666666667,0,0.321157743079
0.133333333333,0,0.263812752949
0.133333333333,0,0.320150964323
0.222222222222,0,0.292706034966
0.266666666667,0,0.245272505504
0.888888888889,0,0.506296999399
0.177777777778,0,0.240310377616
0.133333333333,0,0.186537879076
0.955555555556,0,0.780007443061
0.133333333333,0,0.27519018407
0.355555555556,0,0.309189496467
0.133333333333,0,0.247134694991
0.222222222222,0,0.268330189632
0.222222222222,0,0.331655266779
0.133333333333,0,0.378208880605
0.133333333333,0,0.247350638142
0.2,0,0.305388854406
0.777777777778,0,0.733052357197
0.711111111111,0,1.14951320969
0.355555555556,0,0.281926605409
0.4,0,0.418920109074
0.284633245784,0,0.26605112125
0.622222222222,0,0.439923769107
0.288888888889,0,0.263476698209
0.155555555556,0,0.251599852386
0.177777777778,0,0.238499397016
0.133333333333,0,0.241604824879
0.222222222222,0,0.302931350432
0.222222222222,0,0.504125615291
0.444444444444,0,0.469213590969
0.133333333333,0,0.265841393252
0.444444444444,0,0.396647816812
0.333333333333,0,0.603285692122
0.133333333333,0,0.24460095907
0.444444444444,0,0.453724932833
0.133333333333,0,0.276321492825
0.444444444444,0,0.291797808013
0.333333333333,0,0.384744774147
0.222222222222,0,0.324550802543
1.0,0,1.18808947123
0.155555555556,0,0.246901872836
0.666666666667,0,0.689551214012
0.177777777778,0,0.251666226081
0.733333333333,0,0.892753230892
0.155555555556,0,0.259532185297
0.155555555556,0,0.303349400868
0.444444444444,0,0.33020918804
0.444444444444,0,0.377101484981
0.222222222222,0,0.23682201687
0.4,0,0.340597508443
0.222222222222,0,0.293227869046
0.333333333333,0,0.346195262059
0.622222222222,0,0.829641546259
0.133333333333,0,0.232786166767
0.222222222222,0,0.242825621806
0.222222222222,0,0.329812218019
0.333333333333,0,0.257370712419
0.222222222222,0,0.253641028237
0.284633245784,0,0.311567455681
0.444444444444,0,0.308201455984
0.222222222222,0,0.373784523503
0.155555555556,0,0.254347733354
0.511111111111,0,0.533121971457
0.4,0,0.271532792262
0.155555555556,0,0.291780396271
0.155555555556,0,0.237968120269
0.222222222222,0,0.235878812824
0.488888888889,0,0.481099613967
0.444444444444,0,0.413603426966
0.177777777778,0,0.289348771732
0.222222222222,0,0.468470531965
0.133333333333,0,0.242022576591
0.155555555556,0,0.21895581467
0.222222222222,0,0.301193147205
0.266666666667,0,0.28758328205
0.888888888889,0,0.950889008763
0.222222222222,0,0.24627647086
0.222222222222,0,0.192441595395
0.177777777778,0,0.287661225343
0.177777777778,0,0.279784033589
0.488888888889,0,0.366324603337
0.133333333333,0,0.272958293896
0.288888888889,0,0.294399816541
0.133333333333,0,0.268505894044
0.222222222222,0,0.28168553619
0.733333333333,0,0.695876068165
0.222222222222,0,0.288077789882
0.222222222222,0,0.399130621407
0.311111111111,0,0.235628185307
0.284633245784,0,0.275840448052
0.444444444444,0,0.463378676647
0.133333333333,0,0.233546208756
0.488888888889,0,0.398452983411
0.222222222222,0,0.399746633297
0.888888888889,0,0.703534367939
0.177777777778,0,0.304510288765
0.333333333333,0,0.250300424709
0.511111111111,0,0.419536483872
0.555555555556,0,0.431801775673
0.133333333333,0,0.275531336296
0.4,0,0.361388884369
0.155555555556,0,0.242288874452
0.444444444444,0,0.378177728221
0.155555555556,0,0.183045873607
0.177777777778,0,0.259024504044
0.177777777778,0,0.204392313789
0.511111111111,0,0.674823887951
0.222222222222,0,0.239156785866
0.177777777778,0,0.253603711601
0.333333333333,0,0.439458171005
0.155555555556,0,0.262008881634
0.266666666667,0,0.221527949351
0.666666666667,0,0.492812018631
0.4,0,0.392701461228
0.355555555556,0,0.323584006879
0.222222222222,0,0.384153962334
0.266666666667,0,0.279786187445
0.2,0,0.241038694004
0.222222222222,0,0.307287424171
0.133333333333,0,0.243484516885
0.466666666667,0,0.480528611217
0.311111111111,0,0.28268168432
0.133333333333,0,0.189564434199
0.444444444444,0,0.39332106183
0.222222222222,0,0.274463775048
0.377777777778,0,0.401914763163
0.444444444444,0,0.819213541462
0.222222222222,0,0.311203930355
0.266666666667,0,0.264947750593
0.377777777778,0,0.247084592697
0.222222222222,0,0.231006830988
0.4,0,0.283756086282
0.333333333333,0,0.247710630971
0.133333333333,0,0.263895655478
0.2,0,0.297055621652
0.4,0,0.26131652181
0.222222222222,0,0.32391595018
0.133333333333,0,0.245642688454
0.222222222222,0,0.240680880132
0.133333333333,0,0.265876124253
0.133333333333,0,0.247029906893
0.2,0,0.206261858509
0.222222222222,0,0.24259934535
0.177777777778,0,0.32202252841
0.222222222222,0,0.303400676783
0.444444444444,0,0.240816771485
0.777777777778,0,0.802146536713
0.333333333333,0,0.244935013398
0.444444444444,0,0.341002815367
0.444444444444,0,0.410818551644
0.222222222222,0,0.292747467239
0.222222222222,0,0.25666660026
0.177777777778,0,0.250283105473
0.666666666667,0,0.394509821283
0.155555555556,0,0.25487918582
0.155555555556,0,0.248533771921
0.4,0,0.365639915598
0.177777777778,0,0.297709714363
0.133333333333,0,0.274675698149
0.133333333333,0,0.26231341649
0.333333333333,0,0.617173278258
0.888888888889,0,1.02115544319
0.266666666667,0,0.303741656621
0.444444444444,0,0.39929721888
0.177777777778,0,0.264795155683
0.155555555556,0,0.233317874886
0.133333333333,0,0.249849357154
0.133333333333,0,0.281164418744
0.133333333333,0,0.297681410986
0.4,0,0.345249829478
0.222222222222,0,0.212220940376
0.133333333333,0,0.267677306458
0.133333333333,0,0.254015056073
0.133333333333,0,0.246391461118
0.155555555556,0,0.248335926391
0.688888888889,0,0.747922853006
0.444444444444,0,0.260899591078
0.4,0,0.290118400185
0.444444444444,0,0.352815932642
0.222222222222,0,0.304591273435
0.155555555556,0,0.287339810175
0.155555555556,0,0.237390253745
0.284633245784,0,0.270751790981
0.133333333333,0,0.247138327112
0.133333333333,0,0.279918954869
0.444444444444,0,0.346492371699
0.133333333333,0,0.281678554496
0.555555555556,0,0.478022543985
0.222222222222,0,0.570537136946
0.333333333333,0,0.336879892295
0.222222222222,0,0.239372274053
0.444444444444,0,0.398571168145
0.177777777778,0,0.25219502865
0.444444444444,0,0.493618303784
0.155555555556,0,0.2022172234
0.333333333333,0,0.321167750938
0.177777777778,0,0.279595138658
0.444444444444,0,0.347383864265
0.444444444444,0,0.334491332864
0.2,0,0.314838242017
0.622222222222,0,0.581107103511
0.222222222222,0,0.31951759793
0.177777777778,0,0.21343176649
0.222222222222,0,0.34936645747
0.155555555556,0,0.238838903229
0.444444444444,0,0.521492050563
0.288888888889,0,0.352041364618
0.288888888889,0,0.256101796775
0.333333333333,0,0.688918748502
0.311111111111,0,0.378506878983
0.333333333333,0,0.253627921794
0.133333333333,0,0.247112976568
0.222222222222,0,0.246110840885
0.222222222222,0,0.306805677587
0.266666666667,0,0.302637173697
0.133333333333,0,0.193411650281
0.155555555556,0,0.261440934923
0.133333333333,0,0.220623655403
0.222222222222,0,0.252414497121
0.177777777778,0,0.297132160866
0.133333333333,0,0.279107175399
0.333333333333,0,0.315816191438
0.288888888889,0,0.217338751745
0.133333333333,0,0.308141690624
0.133333333333,0,0.27911374107
0.222222222222,0,0.321385583062
0.333333333333,0,0.258138193138
0.177777777778,0,0.380473221584
0.333333333333,0,0.445668573388
0.222222222222,0,0.300188911325
0.266666666667,0,0.247950576712
0.155555555556,0,0.235034429722
0.133333333333,0,0.279163640163
0.222222222222,0,0.274898622342
0.288888888889,0,0.391885782094
0.155555555556,0,0.265405249246
0.133333333333,0,0.238965664436
0.284633245784,0,0.277107885037
0.177777777778,0,0.294165386499
0.177777777778,0,0.261083060524
0.133333333333,0,0.265786393426
0.133333333333,0,0.246202433728
0.444444444444,0,0.243147845765
0.177777777778,0,0.31632737311
0.133333333333,0,0.245971345764
0.333333333333,0,0.249017587444
0.577777777778,0,0.380489231184
0.222222222222,0,0.339832108573
0.222222222222,0,0.299054396784
0.333333333333,0,0.232290153795
0.133333333333,0,0.262099900894
0.222222222222,0,0.244184052177
0.266666666667,0,0.224295667847
0.222222222222,0,0.383244782006
0.333333333333,0,0.219569902407
0.177777777778,0,0.183441930069
0.155555555556,0,0.25316615868
0.4,0,0.27333661739
0.444444444444,0,0.450097815753
0.133333333333,0,0.23475884428
0.222222222222,0,0.257382147146
0.177777777778,0,0.222913478127
0.266666666667,0,0.256476737731
0.133333333333,0,0.275370433604
0.288888888889,0,0.324113013655
0.444444444444,0,0.344561231734
0.222222222222,0,0.220798799491
0.466666666667,0,0.325957399184
1.11111111111,0,0.889899201998
0.222222222222,0,0.256584566179
0.133333333333,0,0.199392089489
0.688888888889,0,0.644130449059
0.222222222222,0,0.310789946921
0.4,0,0.329679969962
0.133333333333,0,0.236991434792
0.222222222222,0,0.240827138803
0.222222222222,0,0.251174381933
0.222222222222,0,0.204419394526
0.555555555556,0,0.370008764816
0.155555555556,0,0.25023994016
0.133333333333,0,0.269640226859
0.222222222222,0,0.348279591584
0.284633245784,0,0.279223781703
0.284633245784,0,0.251671484289
0.155555555556,0,0.228272466528
0.4,0,0.226407746009
0.222222222222,0,0.29831861801
0.444444444444,0,0.524070157163
0.4,0,0.286280220006
0.177777777778,0,0.239658601787
0.444444444444,0,0.41536507185
0.133333333333,0,0.264186295815
0.133333333333,0,0.2665975601
0.133333333333,0,0.281711295305
0.266666666667,0,0.253691317784
0.266666666667,0,0.306602558119
0.2,0,0.263098936659
0.222222222222,0,0.19059792159
0.733333333333,0,0.723688231683
0.284633245784,0,0.280258881504
0.266666666667,0,0.301989299002
0.288888888889,0,0.364022189129
0.222222222222,0,0.240847361901
0.155555555556,0,0.242110182774
0.133333333333,0,0.198041093401
0.155555555556,0,0.184014469142
0.266666666667,0,0.283823170259
0.155555555556,0,0.198426297493
0.333333333333,0,0.491615716522
0.733333333333,0,0.665994487056
0.755555555556,0,0.788782129155
0.177777777778,0,0.21082463889
0.4,0,0.376089605095
0.422222222222,0,0.371210337736
0.222222222222,0,0.253730082355
0.133333333333,0,0.249890983182
0.888888888889,0,0.599738517367
0.222222222222,0,0.250530027838
0.288888888889,0,0.437279057627
0.155555555556,0,0.235996055553
0.355555555556,0,0.241338929323
0.222222222222,0,0.202579585502
0.133333333333,0,0.274563031248
0.777777777778,0,0.777940089452
0.444444444444,0,0.335841669328
0.333333333333,0,0.29926087761
0.155555555556,0,0.235810991194
0.133333333333,0,0.178411241654
0.133333333333,0,0.267647454544
0.444444444444,0,0.388679065939
0.444444444444,0,0.381480983705
0.688888888889,0,0.668587595294
0.266666666667,0,0.32636460979
0.133333333333,0,0.194688675663
0.4,0,0.222230209601
0.266666666667,0,0.262137371224
0.133333333333,0,0.285297895391
0.288888888889,0,0.293126425756
0.222222222222,0,0.293240768462
0.177777777778,0,0.216380644824
0.222222222222,0,0.610917683213
0.155555555556,0,0.291209041841
0.288888888889,0,0.254145966951
0.333333333333,0,0.341823763254
0.155555555556,0,0.211691799747
0.333333333333,0,0.313270554802
0.288888888889,0,0.195653781966
0.222222222222,0,0.267439340375
0.266666666667,0,0.260903750326
0.333333333333,0,0.758007709208
0.155555555556,0,0.192707038949
0.133333333333,0,0.244384204409
0.177777777778,0,0.259333790884
0.4,0,0.343877488926
0.333333333333,0,0.325571245912
0.155555555556,0,0.240399948664
0.288888888889,0,0.262608167719
0.333333333333,0,0.26867473586
0.133333333333,0,0.245078852322
0.355555555556,0,0.410310220171
0.622222222222,0,0.829498705993
0.266666666667,0,0.325314544061
0.444444444444,0,0.344786092495
0.222222222222,0,0.193316666313
0.155555555556,0,0.239455025725
0.222222222222,0,0.240178427786
0.4,0,0.391090489119
0.222222222222,0,0.275565039434
0.222222222222,0,0.315004136784
0.266666666667,0,0.316743674326
0.4,0,0.277663395945
0.133333333333,0,0.244883259261
0.222222222222,0,0.414078392224
0.222222222222,0,0.300590834276
0.2,0,0.266862012697
0.2,0,0.301204464133
0.177777777778,0,0.285721054356
0.266666666667,0,0.255265408367
0.222222222222,0,0.238574128146
0.222222222222,0,0.237944285143
0.155555555556,0,0.267886464976
0.177777777778,0,0.240520455435
0.222222222222,0,0.248136195215
0.355555555556,0,0.234122870347
0.222222222222,0,0.294987779963
0.355555555556,0,0.399224363945
0.284633245784,0,0.271150546021
1.0,0,0.769991928744
0.284633245784,0,0.261181407397
0.133333333333,0,0.278156113722
0.555555555556,0,0.496545932937
0.4,0,0.558414697716
0.444444444444,0,0.383582085205
0.133333333333,0,0.271145731196
0.222222222222,0,0.289646745022
0.911111111111,0,0.763195263553
0.444444444444,0,0.346390823336
0.155555555556,0,0.312202118379
0.333333333333,0,0.338985889221
0.177777777778,0,0.245472873105
0.355555555556,0,0.354044610645
0.155555555556,0,0.288411122943
0.133333333333,0,0.276217229982
0.666666666667,0,0.640036250962
0.155555555556,0,0.177103954134
0.4,0,0.476259942897
0.155555555556,0,0.259276474327
0.222222222222,0,0.204075019014
0.333333333333,0,0.339150179129
0.2,0,0.320205081028
0.222222222222,0,0.288360854338
0.222222222222,0,0.359153751604
0.288888888889,0,0.287023501982
0.733333333333,0,0.78622953703
0.155555555556,0,0.23709891307
0.511111111111,0,0.390955117234
0.133333333333,0,0.286379399669
0.133333333333,0,0.236514416962
0.133333333333,0,0.299787031097
0.555555555556,0,0.50311757856
0.222222222222,0,0.270534472367
0.133333333333,0,0.252021567129
0.222222222222,0,0.270584928556
0.333333333333,0,0.471124923672
0.888888888889,0,0.606131158572
0.4,0,0.301762370242
0.133333333333,0,0.27083775749
0.155555555556,0,0.242858231472
0.133333333333,0,0.239266416327
0.333333333333,0,0.625647621052
0.133333333333,0,0.246828886212
0.177777777778,0,0.260528235469
0.666666666667,0,0.84086081519
0.288888888889,0,0.438451983388
0.333333333333,0,0.263847574523
0.444444444444,0,0.364208333936
0.155555555556,0,0.213667899244
0.177777777778,0,0.206457748004
0.133333333333,0,0.282394323223
0.266666666667,0,0.243217386802
0.133333333333,0,0.273066233515
0.222222222222,0,0.246282885074
0.444444444444,0,0.332570424873
0.222222222222,0,0.203285159752
0.444444444444,0,0.344929338276
0.222222222222,0,0.264817685663
0.133333333333,0,0.240859665076
0.222222222222,0,0.240906628017
0.555555555556,0,0.491443963032
0.311111111111,0,0.238273340508
0.155555555556,0,0.246321753842
0.4,0,0.28450463913
0.155555555556,0,0.254942542794
0.444444444444,0,0.344559252315
0.222222222222,0,0.253681576963
0.133333333333,0,0.183981629333
0.333333333333,0,0.266163332703
0.155555555556,0,0.26082978259
0.222222222222,0,0.256124626066
0.511111111111,0,0.468084057562
0.222222222222,0,0.258511004718
0.555555555556,0,0.632079739053
0.222222222222,0,0.278757807003
0.222222222222,0,0.265742619357
0.666666666667,0,0.79289539269
0.222222222222,0,0.211170530105
0.333333333333,0,0.395333793795
0.222222222222,0,0.240971496839
0.155555555556,0,0.300716042847
0.666666666667,0,0.539284250274
0.133333333333,0,0.266605701531
0.222222222222,0,0.336999045039
0.222222222222,0,0.299396005378
0.222222222222,0,0.307257162795
0.288888888889,0,0.324217177525
0.155555555556,0,0.254229447092
0.133333333333,0,0.264863085104
0.622222222222,0,0.547275941736
1.0,0,1.22870456911
0.155555555556,0,0.198124036533
0.222222222222,0,0.341647937798
0.333333333333,0,0.267126907958
0.177777777778,0,0.251200938916
0.444444444444,0,0.399282936045
0.133333333333,0,0.233926930088
0.288888888889,0,0.263736857181
0.177777777778,0,0.234624390521
0.222222222222,0,0.263718994968
0.284633245784,0,0.270921710527
0.222222222222,0,0.27263303383
0.155555555556,0,0.247688463762
0.6,0,0.706061289605
0.133333333333,0,0.267971973739
0.177777777778,0,0.303291266989
0.288888888889,0,0.250189994029
0.488888888889,0,0.485955577194
0.222222222222,0,0.190551140814
0.2,0,0.240398071342
0.133333333333,0,0.183345642568
0.222222222222,0,0.269881931955
0.511111111111,0,0.48129635414
0.333333333333,0,0.539819873439
0.177777777778,0,0.290731551087
0.133333333333,0,0.250309225166
0.284633245784,0,0.264774142158
0.288888888889,0,0.258058262433
0.133333333333,0,0.239136132865
0.222222222222,0,0.24522751021
0.177777777778,0,0.253906543942
0.133333333333,0,0.260831676028
0.288888888889,0,0.249020691708
0.155555555556,0,0.239732591038
0.133333333333,0,0.235875533476
0.333333333333,0,0.356279603709
0.266666666667,0,0.340329796409
0.222222222222,0,0.331980075712
0.222222222222,0,0.394933008628
0.133333333333,0,0.237552930911
0.133333333333,0,0.22467708369
0.155555555556,0,0.236221301813
0.266666666667,0,0.295162940152
0.222222222222,0,0.253250205172
0.222222222222,0,0.240945122987
0.333333333333,0,0.328192902164
0.133333333333,0,0.274584041393
0.488888888889,0,0.488483915164
0.133333333333,0,0.250224762037
0.155555555556,0,0.270537867188
0.133333333333,0,0.317335917941
0.222222222222,0,0.259508986596
0.266666666667,0,0.24298594576
0.133333333333,0,0.291766684987
0.288888888889,0,0.397627281803
0.133333333333,0,0.265609470498
0.133333333333,0,0.264806007544
0.266666666667,0,0.257408490395
0.266666666667,0,0.307100742746
0.222222222222,0,0.284196727283
0.2,0,0.253186572684
0.133333333333,0,0.258578403102
0.222222222222,0,0.383816864069
0.284633245784,0,0.281774500824
0.177777777778,0,0.179848199822
0.444444444444,0,0.481172276811
0.444444444444,0,0.497132050229
0.333333333333,0,0.356176093581
0.133333333333,0,0.261748593764
0.288888888889,0,0.199160630792
0.444444444444,0,0.33127706714
0.222222222222,0,0.222693362376
0.155555555556,0,0.24738948328
0.288888888889,0,0.288785801662
0.333333333333,0,0.33383700432
0.177777777778,0,0.204710842709
0.133333333333,0,0.239597743254
0.177777777778,0,0.28437068717
0.155555555556,0,0.246389599101
0.155555555556,0,0.247551022398
0.155555555556,0,0.23931793453
0.444444444444,0,0.410294011793
0.555555555556,0,0.37376935127
0.4,0,0.443948473747
0.555555555556,0,0.482737204417
0.284633245784,0,0.304810585904
0.155555555556,0,0.241743205579
0.222222222222,0,0.258890668569
0.155555555556,0,0.25617984161
0.222222222222,0,0.288351110275
0.155555555556,0,0.23450696154
0.177777777778,0,0.250998003773
0.133333333333,0,0.23545813402
0.333333333333,0,0.235056689115
0.222222222222,0,0.406940955675
0.155555555556,0,0.254168318958
0.133333333333,0,0.261385537293
0.222222222222,0,0.299045792553
0.155555555556,0,0.230205458212
0.444444444444,0,0.516508827815
0.155555555556,0,0.198300427287
0.133333333333,0,0.235526852614
0.266666666667,0,0.285669378151
0.4,0,0.27056413007
0.155555555556,0,0.303419918774
0.688888888889,0,-0.157380643931
0.444444444444,0,0.459857434718
0.155555555556,0,0.25488030024
0.222222222222,0,0.248129828258
0.177777777778,0,0.277984929408
0.284633245784,0,0.263883136934
0.288888888889,0,0.226151434557
0.4,0,0.368943108115
0.222222222222,0,0.326163452282
0.222222222222,0,0.300709254705
0.4,0,0.296889859919
0.288888888889,0,0.198529149407
0.177777777778,0,0.229991269783
0.222222222222,0,0.306999192558
0.133333333333,0,0.212253559975
0.222222222222,0,0.20428952044
0.222222222222,0,0.367552477685
0.222222222222,0,0.291857710779
0.222222222222,0,0.257226489667
0.688888888889,0,0.587093846727
0.155555555556,0,0.24490558254
0.222222222222,0,0.204264548393
0.444444444444,0,0.558406021686
0.222222222222,0,0.394937294562
0.133333333333,0,0.265436924684
0.133333333333,0,0.224287035531
0.133333333333,0,0.20880283389
0.4,0,0.712079968575
0.333333333333,0,0.417313349112
0.555555555556,0,0.469455215064
0.222222222222,0,0.239855683066
0.155555555556,0,0.240143107967
0.444444444444,0,0.37385985988
0.488888888889,0,0.376059517267
0.133333333333,0,0.313549060572
0.133333333333,0,0.186599683367
0.133333333333,0,0.286695977656
1.0,0,0.846621494585
0.222222222222,0,0.254917744703
0.222222222222,0,0.356748571659
0.333333333333,0,0.324420866546
0.222222222222,0,0.249462389718
0.133333333333,0,0.242429569545
0.222222222222,0,0.288846980639
0.133333333333,0,0.249226645359
0.222222222222,0,0.355485302582
0.444444444444,0,0.451595538431
0.155555555556,0,0.279550220479
0.888888888889,0,0.917681241053
0.288888888889,0,0.220312058896
0.133333333333,0,0.233414982893
0.133333333333,0,0.250996359605
0.377777777778,0,0.272097153647
0.222222222222,0,0.307403104458
0.222222222222,0,0.24656760502
0.133333333333,0,0.237824224406
0.666666666667,0,0.608170444076
0.177777777778,0,0.262405713052
0.666666666667,0,0.646087425003
0.333333333333,0,0.410338086295
0.333333333333,0,0.47970820828
1.11111111111,0,2.11708159532
0.288888888889,0,0.300085695064
0.266666666667,0,0.233953477841
0.222222222222,0,0.219010791797
0.333333333333,0,0.306162682482
0.222222222222,0,0.2931235137
0.288888888889,0,0.218859248363
0.288888888889,0,0.279214946021
0.133333333333,0,0.205044899175
0.555555555556,0,0.447867513456
0.133333333333,0,0.241652973127
0.4,0,0.446988865185
0.355555555556,0,0.341890913423
0.177777777778,0,0.219577198668
0.133333333333,0,0.246353555315
0.4,0,0.34441737943
0.133333333333,0,0.252743178061
0.133333333333,0,0.268409415756
0.666666666667,0,0.575877687514
0.133333333333,0,0.265513453648
0.377777777778,0,0.426502397785
0.266666666667,0,0.259096608272
0.222222222222,0,0.209425686701
0.177777777778,0,0.209799639515
0.666666666667,0,0.528721680804
0.466666666667,0,0.487172223454
0.688888888889,0,0.484904856236
0.266666666667,0,0.254307303522
0.177777777778,0,0.196762390867
0.222222222222,0,0.240547442083
0.133333333333,0,0.284687768313
0.4,0,0.427330615543
0.133333333333,0,0.278034957676
0.333333333333,0,0.267988833563
0.133333333333,0,0.260886827658
0.222222222222,0,0.277320154377
0.288888888889,0,0.341130215793
0.222222222222,0,0.290961526121
0.133333333333,0,0.242831817335
0.222222222222,0,0.263561100842
0.222222222222,0,0.245647065567
0.333333333333,0,0.342638087163
0.577777777778,0,0.673765549846
0.177777777778,0,0.363443011326
0.177777777778,0,0.23891486629
0.533333333333,0,0.885817511583
0.222222222222,0,0.242971201284
0.2,0,0.246599804747
0.511111111111,0,0.422939966611
0.133333333333,0,0.233645656774
0.222222222222,0,0.191814485949
0.133333333333,0,0.213369655541
0.311111111111,0,0.307382056517
0.444444444444,0,0.470006456623
0.177777777778,0,0.256717263605
0.333333333333,0,0.23890333401
0.333333333333,0,0.305293644889
0.284633245784,0,0.278742824472
0.284633245784,0,0.282100858407
0.155555555556,0,0.245198741558
0.222222222222,0,0.388222654105
0.444444444444,0,0.646814838983
0.333333333333,0,0.326533155673
0.155555555556,0,0.246946180051
0.133333333333,0,0.233331292483
0.266666666667,0,0.285872485366
0.155555555556,0,0.259669539119
0.288888888889,0,0.3070015601
0.133333333333,0,0.239119064838
0.133333333333,0,0.246401531364
0.177777777778,0,0.309418546407
0.333333333333,0,0.353153454502
0.222222222222,0,0.22372351348
0.133333333333,0,0.270864545425
0.177777777778,0,0.267383751528
0.133333333333,0,0.23182871696
0.288888888889,0,0.244412191678
0.222222222222,0,0.256267116807
0.266666666667,0,0.210400633308
0.288888888889,0,0.255209318693
0.4,0,0.373459186944
0.222222222222,0,0.275454447446
0.177777777778,0,0.462508316993
0.222222222222,0,0.29226767161
0.222222222222,0,0.24732006226
0.133333333333,0,0.233134409917
0.222222222222,0,0.303823474041
0.444444444444,0,0.341793675156
0.222222222222,0,0.300004572837
0.288888888889,0,0.325374537622
0.133333333333,0,0.24217881105
0.444444444444,0,0.349794031771
0.155555555556,0,0.253746269129
0.2,0,0.253272650365
0.222222222222,0,0.439989245126
0.777777777778,0,0.898291729413
0.177777777778,0,0.242186629938
0.133333333333,0,0.236027331772
0.222222222222,0,0.250811521249
0.288888888889,0,0.41838791521
0.222222222222,0,0.193626389945
0.133333333333,0,0.267591339949
0.444444444444,0,0.323879268923
0.288888888889,0,0.309430415602
0.333333333333,0,0.337265718496
0.133333333333,0,0.225005288229
0.177777777778,0,0.308363862945
0.222222222222,0,0.330490941816
0.133333333333,0,0.218814133755
0.333333333333,0,0.262189611472
0.222222222222,0,0.277218323562
0.555555555556,0,0.433698829516
0.222222222222,0,0.289815886287
0.222222222222,0,0.281014899543
0.288888888889,0,0.319496522227
0.222222222222,0,0.285513157925
0.133333333333,0,0.252196395886
0.133333333333,0,0.278212931111
0.133333333333,0,0.272225663453
0.133333333333,0,0.267153716141
0.266666666667,0,0.31294336261
0.222222222222,0,0.227449406616
0.284633245784,0,0.262785103265
0.333333333333,0,0.278115831596
0.284633245784,0,0.263943803727
0.2,0,0.254654545381
0.133333333333,0,0.270615575209
0.4,0,0.377338128111
0.133333333333,0,0.241557201884
0.733333333333,0,0.699530041618
0.777777777778,0,0.685685922868
0.133333333333,0,0.263576831856
0.2,0,0.237009304033
0.284633245784,0,0.274614331018
0.133333333333,0,0.253173261975
0.222222222222,0,0.258834887488
0.222222222222,0,0.271479291386
0.177777777778,0,0.2482851449
0.133333333333,0,0.265477106586
0.155555555556,0,0.26952070658
0.177777777778,0,0.221007587688
0.222222222222,0,0.250380452477
0.133333333333,0,0.240207825334
0.666666666667,0,0.516455079783
0.444444444444,0,0.457814801233
0.311111111111,0,0.357857963518
0.133333333333,0,0.238373639693
0.155555555556,0,0.247613719318
0.4,0,0.247930002565
0.4,0,0.409868682426
0.177777777778,0,0.315097259278
0.222222222222,0,0.249114678795
0.4,0,0.22952822576
0.288888888889,0,0.314323575873
0.711111111111,0,0.588980377876
0.133333333333,0,0.26209208749
0.2,0,0.235102743926
0.177777777778,0,0.248308481472
0.4,0,0.396528458059
0.4,0,0.520856743062
0.577777777778,0,0.464833366992
0.311111111111,0,0.342605436855
0.177777777778,0,0.29586182346
0.333333333333,0,0.587086809223
0.133333333333,0,0.288212023166
0.4,0,0.229342628102
0.288888888889,0,0.317553094348
0.222222222222,0,0.260349332712
0.266666666667,0,0.246630420912
0.555555555556,0,0.621454331049
0.511111111111,0,0.444818611082
0.133333333333,0,0.264396397263
0.222222222222,0,0.295446456997
0.333333333333,0,0.33918792662
0.222222222222,0,0.24827669287
0.155555555556,0,0.253297034374
0.155555555556,0,0.247652308804
0.355555555556,0,0.267517008153
0.133333333333,0,0.265856952496
0.222222222222,0,0.27319885167
0.222222222222,0,0.24394215623
0.133333333333,0,0.241661202101
0.466666666667,0,0.518830827394
0.177777777778,0,0.301021901263
0.844444444444,0,1.07416829666
0.133333333333,0,0.249452901843
0.2,0,0.274985307935
0.266666666667,0,0.256387546347
0.444444444444,0,0.624562444775
0.311111111111,0,0.227514936191
0.444444444444,0,0.329512233858
0.444444444444,0,0.483379818634
0.133333333333,0,0.225669292937
0.177777777778,0,0.236085693309
0.311111111111,0,0.392240891589
0.222222222222,0,0.267010628194
0.288888888889,0,0.26347516012
0.155555555556,0,0.296797186067
0.177777777778,0,0.241021265239
0.777777777778,0,0.770397968765
0.333333333333,0,0.343005144272
0.133333333333,0,0.297904057986
0.133333333333,0,0.242233028208
0.222222222222,0,0.219763784545
0.133333333333,0,0.275068211397
0.222222222222,0,0.336672858335
0.4,0,0.330124503253
0.333333333333,0,0.255491099313
0.177777777778,0,0.323539592392
0.222222222222,0,0.22331969031
0.155555555556,0,0.256787122337
0.155555555556,0,0.240706967729
0.333333333333,0,0.272081240169
0.133333333333,0,0.191116702407
0.688888888889,0,0.578693489963
0.422222222222,0,0.526247651533
0.4,0,0.262549307953
0.733333333333,0,0.870343469955
0.133333333333,0,0.226313466312
0.333333333333,0,0.324934943717
0.284633245784,0,0.282100858407
0.2,0,0.283649816166
0.444444444444,0,0.470643432232
0.133333333333,0,0.220954251527
0.333333333333,0,0.398085740124
0.444444444444,0,0.537268392378
0.177777777778,0,0.332927155712
0.355555555556,0,0.374138451828
0.177777777778,0,0.257475554748
0.155555555556,0,0.253305980341
0.155555555556,0,0.246087315643
0.133333333333,0,0.225673227322
0.177777777778,0,0.250065300305
0.222222222222,0,0.268667375504
0.133333333333,0,0.243716869685
0.511111111111,0,0.451265613054
0.4,0,0.38379546134
0.266666666667,0,0.242913837468
0.133333333333,0,0.244568218261
0.622222222222,0,0.470373778661
0.222222222222,0,0.255685555347
0.133333333333,0,0.28064091597
0.333333333333,0,0.249329671568
0.133333333333,0,0.241727384057
0.222222222222,0,0.364980879903
0.4,0,0.346300756023
0.222222222222,0,0.237837209456
0.177777777778,0,0.248040020231
0.222222222222,0,0.276917161623
0.155555555556,0,0.256714310797
0.133333333333,0,0.309897062617
0.288888888889,0,0.250620398866
0.2,0,0.242000620137
0.666666666667,0,0.587307041564
0.155555555556,0,0.255160896845
0.2,0,0.243071497777
0.222222222222,0,0.197401174253
0.444444444444,0,0.444361325328
0.155555555556,0,0.239982993156
0.4,0,0.285224548472
0.355555555556,0,0.302606466502
0.266666666667,0,0.243650067959
0.222222222222,0,0.248982863766
0.222222222222,0,0.243998616382
0.444444444444,0,0.46200941824
0.155555555556,0,0.278104948203
0.155555555556,0,0.237794261321
0.133333333333,0,0.247142462624
0.555555555556,0,0.688688154617
0.222222222222,0,0.325086729352
0.444444444444,0,0.280061104664
0.155555555556,0,0.201592359472
0.284633245784,0,0.269827344609
0.284633245784,0,0.275647855058
0.555555555556,0,0.566448853099
0.177777777778,0,0.304453561501
0.222222222222,0,0.229839237733
0.266666666667,0,0.385977112303
0.444444444444,0,0.407957804609
0.222222222222,0,0.296180495042
0.284633245784,0,0.264325050313
0.266666666667,0,0.3050873976
0.222222222222,0,0.297261045244
0.222222222222,0,0.302841226308
0.444444444444,0,0.416874135335
0.133333333333,0,0.241000520589
0.2,0,0.258600385375
0.155555555556,0,0.17073105348
0.266666666667,0,0.249517517719
0.177777777778,0,0.189713323458
0.177777777778,0,0.287004818483
0.177777777778,0,0.281400970908
0.222222222222,0,0.243104201621
0.4,0,0.28429453898
0.177777777778,0,0.296863788745
0.444444444444,0,0.340609876627
0.4,0,0.27497490706
0.2,0,0.253419546294
0.555555555556,0,0.464629703206
0.155555555556,0,0.252703935495
0.222222222222,0,0.24630387159
0.355555555556,0,0.339835744158
0.666666666667,0,0.953347825547
0.222222222222,0,0.277726559235
0.333333333333,0,0.459551675793
0.555555555556,0,0.424794180739
0.333333333333,0,0.242260339005
0.222222222222,0,0.244929737233
0.355555555556,0,0.259386521787
0.222222222222,0,0.241583592391
0.222222222222,0,0.4310366618
0.555555555556,0,0.735563120664
0.666666666667,0,1.94592218541
0.155555555556,0,0.247152243729
0.266666666667,0,0.249209328644
0.555555555556,0,0.614665368647
0.266666666667,0,0.299987049223
0.288888888889,0,0.257812864795
0.155555555556,0,0.253566516949
0.333333333333,0,0.344813483616
0.284633245784,0,0.219032807502
0.133333333333,0,0.247150014888
0.2,0,0.306259689845
0.333333333333,0,0.259539586626
0.155555555556,0,0.245405011191
0.222222222222,0,0.489153844285
0.133333333333,0,0.271301994148
0.133333333333,0,0.286587369026
0.266666666667,0,0.428411221877
0.155555555556,0,0.248488162398
0.333333333333,0,0.314147970533
0.555555555556,0,0.471534413573
0.266666666667,0,0.301441798402
0.266666666667,0,0.259335773753
0.2,0,0.30121006861
0.177777777778,0,0.244144705414
0.333333333333,0,0.364836992637
0.444444444444,0,0.431574610785
0.133333333333,0,0.227717614139
0.133333333333,0,0.240648775748
0.222222222222,0,0.294456515632
0.155555555556,0,0.58256147424
0.222222222222,0,0.336305738223
0.4,0,0.265018199439
0.155555555556,0,0.236785161574
0.444444444444,0,0.359155834922
0.133333333333,0,0.318591500394
0.222222222222,0,0.244333382634
0.4,0,0.288920733867
0.155555555556,0,0.240423243231
0.555555555556,0,0.491528447288
0.133333333333,0,0.24138941239
0.222222222222,0,0.310662988937
0.177777777778,0,0.271614641228
0.333333333333,0,0.475503190801
0.177777777778,0,0.308694976347
0.133333333333,0,0.267259029492
0.666666666667,0,0.467267777325
0.622222222222,0,0.865381849007
0.177777777778,0,0.282049729807
0.4,0,0.390835694085
0.333333333333,0,0.271836634826
0.444444444444,0,0.36405835521
0.284633245784,0,0.263475540125
0.155555555556,0,0.235072460975
0.284633245784,0,0.268427368628
0.155555555556,0,0.301535263691
0.222222222222,0,0.280161281121
0.466666666667,0,0.338815480709
0.377777777778,0,0.461950973575
0.222222222222,0,0.238313013184
0.155555555556,0,0.267855454978
0.177777777778,0,0.292261055969
0.155555555556,0,0.262721195602
0.266666666667,0,0.24303193199
0.177777777778,0,0.242203402211
0.133333333333,0,0.270692875033
0.133333333333,0,0.264105231673
0.266666666667,0,0.2892180025
0.333333333333,0,0.279725125486
0.133333333333,0,0.187782300847
0.266666666667,0,0.272765901462
0.133333333333,0,0.271721234079
0.555555555556,0,0.345897544604
0.733333333333,0,0.76138987492
0.133333333333,0,0.213542769448
0.533333333333,0,0.371323447728
0.288888888889,0,0.445044214285
0.444444444444,0,0.358275156894
0.288888888889,0,0.249176214037
0.284633245784,0,0.2734050221
0.333333333333,0,0.249768851576
0.288888888889,0,0.355223370577
0.2,0,0.324096828539
0.288888888889,0,0.282192594013
0.688888888889,0,0.805038743364
0.266666666667,0,0.260881753587
0.222222222222,0,0.255735763303
0.288888888889,0,0.282290657617
0.266666666667,0,0.241964330379
0.666666666667,0,0.530680248725
0.222222222222,0,0.253071979853
0.333333333333,0,0.331959892262
0.444444444444,0,0.375468116104
0.266666666667,0,0.335462630623
0.177777777778,0,0.276145389667
0.222222222222,0,0.241251409761
0.133333333333,0,0.272976415146
0.2,0,0.293590218617
0.444444444444,0,0.393397010167
0.555555555556,0,0.808228293764
0.333333333333,0,0.306529860164
0.133333333333,0,0.260943555049
0.133333333333,0,0.279640307824
0.466666666667,0,0.381411023319
0.133333333333,0,0.26497899107
0.177777777778,0,0.247480304899
0.155555555556,0,0.251922735891
0.155555555556,0,0.249806111273
0.222222222222,0,0.300164051648
0.177777777778,0,0.1862265979
0.422222222222,0,0.536262955069
0.2,0,0.276703547015
0.555555555556,0,0.686847862813
0.177777777778,0,0.340476196297
0.333333333333,0,0.416516793495
0.133333333333,0,0.224412023169
0.288888888889,0,0.263208094896
0.155555555556,0,0.252008937413
0.155555555556,0,0.279172677325
0.733333333333,0,0.7652357591
0.133333333333,0,0.236553110646
0.288888888889,0,0.294751765307
0.444444444444,0,0.615654526304
0.133333333333,0,0.242649729414
0.177777777778,0,0.313236743187
0.222222222222,0,0.246486595937
0.222222222222,0,0.348957082453
0.133333333333,0,0.236589178061
0.155555555556,0,0.331179019696
0.222222222222,0,0.245868760242
0.266666666667,0,0.280554130981
0.222222222222,0,0.250949530458
0.444444444444,0,0.437659527844
0.133333333333,0,0.260495601254
0.355555555556,0,0.258846190121
0.284633245784,0,0.269516569551
0.333333333333,0,0.340302045252
0.266666666667,0,0.302057525326
0.266666666667,0,0.264658764826
0.284633245784,0,0.262126251117
0.2,0,0.240861345035
0.177777777778,0,0.171300522255
0.155555555556,0,0.233581902373
0.222222222222,0,0.26257845769
0.133333333333,0,0.235980409115
0.222222222222,0,0.247739063194
0.133333333333,0,0.274530629274
0.133333333333,0,0.222205703934
0.555555555556,0,0.349559799347
0.4,0,0.305288976014
0.222222222222,0,0.256473886618
0.222222222222,0,0.237061835432
0.222222222222,0,0.226609706494
0.555555555556,0,0.608268975902
0.133333333333,0,0.260225445808
1.0,0,1.14749223922
0.222222222222,0,0.248863432481
0.222222222222,0,0.256545937572
0.155555555556,0,0.273905282358
0.444444444444,0,0.550258234925
0.266666666667,0,0.267786764012
0.133333333333,0,0.279840079284
0.333333333333,0,0.394094616969
0.155555555556,0,0.264968790441
0.155555555556,0,0.255022142347
0.888888888889,0,0.660884207751
0.355555555556,0,0.326805768971
0.4,0,0.31711549524
0.222222222222,0,0.237566540247
0.222222222222,0,0.581665929038
0.4,0,0.372227471722
0.4,0,0.372781246016
0.155555555556,0,0.253598267325
0.133333333333,0,0.292511238947
0.177777777778,0,0.241198844115
0.133333333333,0,0.233991921184
0.155555555556,0,0.233442885248
0.177777777778,0,0.413032471414
0.355555555556,0,0.331648739918
0.888888888889,0,0.683645527599
0.177777777778,0,0.308435548222
0.284633245784,0,0.259865296909
0.222222222222,0,0.286508823592
0.222222222222,0,0.281054960625
0.133333333333,0,0.309199090581
0.133333333333,0,0.259964132132
0.155555555556,0,0.236480864644
0.222222222222,0,0.256128390384
0.177777777778,0,0.27485382346
0.288888888889,0,0.326662924291
0.444444444444,0,0.325232894045
0.222222222222,0,0.182111280081
0.555555555556,0,0.501463537064
0.222222222222,0,0.280794470825
0.266666666667,0,0.28643048286
0.222222222222,0,0.25200786144
0.133333333333,0,0.244625470905
0.288888888889,0,0.31008208896
0.133333333333,0,0.243614970483
0.177777777778,0,0.271080790882
0.284633245784,0,0.271618109285
0.133333333333,0,0.247962844865
0.177777777778,0,0.272301460678
0.222222222222,0,0.335836943646
0.177777777778,0,0.248125374808
0.511111111111,0,0.571106667534
0.222222222222,0,0.316483421104
0.444444444444,0,0.400185950976
0.222222222222,0,0.266707808784
0.333333333333,0,0.285681626543
0.177777777778,0,0.242527298062
0.222222222222,0,0.248981264376
0.284633245784,0,0.263878322109
0.222222222222,0,0.390179068566
0.222222222222,0,0.237564462862
0.284633245784,0,0.273794847828
0.333333333333,0,0.342058915167
0.133333333333,0,0.222416398241
0.155555555556,0,0.181101994289
0.444444444444,0,0.302528100775
0.4,0,0.305922800913
0.133333333333,0,0.247518130133
0.555555555556,0,0.371022971004
0.222222222222,0,0.274177361156
0.444444444444,0,0.351920225054
0.288888888889,0,0.315673472037
0.222222222222,0,0.191800142099
0.4,0,0.361440959305
0.155555555556,0,0.248813031762
0.155555555556,0,0.241955647039
0.222222222222,0,0.175251923893
0.333333333333,0,0.691317052173
0.133333333333,0,0.174290353117
0.2,0,0.308314272701
0.155555555556,0,0.251611407965
0.222222222222,0,0.212127542224
0.444444444444,0,0.423639829353
0.444444444444,0,0.385084644408
0.288888888889,0,0.367232349947
0.222222222222,0,0.229976546524
0.133333333333,0,0.172650438299
0.333333333333,0,0.329230615583
0.422222222222,0,0.564477714833
0.555555555556,0,0.418224632736
0.222222222222,0,0.276801725107
0.222222222222,0,0.278069895601
0.511111111111,0,0.488338118794
0.177777777778,0,0.224111948364
0.222222222222,0,0.209653578204
0.177777777778,0,0.255741581377
0.444444444444,0,0.482075765282
0.222222222222,0,0.203603426346
0.155555555556,0,0.233090264984
0.4,0,0.315261686847
0.222222222222,0,0.249123251748
0.355555555556,0,0.336311568181
0.133333333333,0,0.216745626753
0.333333333333,0,0.331598164004
0.4,0,0.360036350762
0.266666666667,0,0.325801146533
0.333333333333,0,0.24702917955
0.222222222222,0,0.304771737292
0.444444444444,0,0.409723766854
0.555555555556,0,0.403889461735
0.355555555556,0,0.418348704391
0.666666666667,0,0.570681034609
0.222222222222,0,0.223721503343
0.444444444444,0,0.480531124462
0.133333333333,0,0.275634373548
0.444444444444,0,0.359035736602
0.333333333333,0,0.26738113071
0.133333333333,0,0.278209710366
0.222222222222,0,0.337151129657
0.4,0,0.377222640993
0.288888888889,0,0.26283853869
0.222222222222,0,0.237368496004
0.177777777778,0,0.242379789337
0.133333333333,0,0.238975405257
0.2,0,0.361450693664
0.133333333333,0,0.242177351325
0.355555555556,0,0.591812383821
0.333333333333,0,0.380370234139
0.133333333333,0,0.284204829983
0.284633245784,0,0.318970978616
0.822222222222,0,0.779259287743
0.288888888889,0,0.250122848887
0.133333333333,0,0.255284243903
0.133333333333,0,0.247533274946
0.155555555556,0,0.253977645347
0.155555555556,0,0.241365524597
0.4,0,0.311716491335
0.466666666667,0,0.407886282077
0.266666666667,0,0.253455169024
0.222222222222,0,0.292038022784
0.355555555556,0,0.226830021664
0.155555555556,0,0.209086381785
0.288888888889,0,0.308033428133
0.222222222222,0,0.221878884842
0.333333333333,0,0.334075861388
0.333333333333,0,0.438342302248
0.133333333333,0,0.237722150119
0.155555555556,0,0.266065446855
0.555555555556,0,0.38975930658
0.133333333333,0,0.35170034873
0.222222222222,0,0.301625775507
0.488888888889,0,0.37334339146
0.266666666667,0,0.254993397879
0.822222222222,0,1.2542858158
0.222222222222,0,0.298317497137
0.666666666667,0,0.581746389111
0.2,0,0.299315309105
0.222222222222,0,0.335220463315
0.133333333333,0,0.200360701297
0.177777777778,0,0.248495135177
0.222222222222,0,0.279461978579
0.222222222222,0,0.25465538052
0.444444444444,0,0.352130385539
0.177777777778,0,0.250255856198
0.222222222222,0,0.276998422369
0.222222222222,0,0.245709102434
0.288888888889,0,0.28563359609
0.222222222222,0,0.281367719631
0.266666666667,0,0.263243188131
0.177777777778,0,0.24790770989
0.177777777778,0,0.246520117652
0.133333333333,0,0.25979552572
0.333333333333,0,0.321069519794
0.222222222222,0,0.328823441021
0.2,0,0.236894436685
0.133333333333,0,0.245220233088
0.155555555556,0,0.236031247545
0.133333333333,0,0.265661455085
0.444444444444,0,0.592366091714
0.444444444444,0,0.658768829042
0.2,0,0.240793381391
0.155555555556,0,0.246106327257
0.133333333333,0,0.245622378647
0.133333333333,0,0.294759917486
0.133333333333,0,0.274927207091
0.444444444444,0,0.392351533978
0.155555555556,0,0.241320790497
0.155555555556,0,0.237907278391
0.133333333333,0,0.253321744923
0.444444444444,0,0.398913547903
1.0,0,1.03365818577
0.466666666667,0,0.362024309317
0.222222222222,0,0.289940096846
0.222222222222,0,0.279091232804
0.177777777778,0,0.189825881073
0.4,0,0.333767832345
0.888888888889,0,0.66549894224
0.333333333333,0,0.265775527616
0.155555555556,0,0.204913843216
0.444444444444,0,0.503931347039
0.266666666667,0,0.340913629978
0.155555555556,0,0.27728939469
0.266666666667,0,0.258394918485
0.4,0,0.347618167666
0.284633245784,0,0.278044587326
0.133333333333,0,0.302215434551
0.133333333333,0,0.253081616477
0.333333333333,0,0.310841001456
0.133333333333,0,0.237882702643
0.444444444444,0,0.317974657703
0.155555555556,0,0.253115559248
0.222222222222,0,0.243166858258
0.511111111111,0,0.450622590771
0.155555555556,0,0.239506850749
0.222222222222,0,0.242059297086
0.333333333333,0,0.270505467068
0.444444444444,0,0.355581074191
0.4,0,0.378204915014
0.444444444444,0,0.325890030856
0.177777777778,0,0.289208307561
0.444444444444,0,0.317712532932
0.288888888889,0,0.255801406057
0.333333333333,0,0.269721899838
0.4,0,0.330839172455
0.177777777778,0,0.24834043133
0.4,0,0.296471198729
0.444444444444,0,0.39841619834
0.155555555556,0,0.245471344602
0.444444444444,0,0.383966976033
0.222222222222,0,0.25896760078
0.284633245784,0,0.286259250662
0.666666666667,0,0.67823767119
0.444444444444,0,0.347416886608
0.284633245784,0,0.270510086773
0.266666666667,0,0.31315437804
0.155555555556,0,0.24496980878
0.266666666667,0,0.310125178497
0.177777777778,0,0.204246326285
0.444444444444,0,0.362300721701
0.177777777778,0,0.333822383582
0.355555555556,0,0.255728705689
0.133333333333,0,0.23875996373
0.444444444444,0,0.36928565714
0.4,0,0.295251400717
0.222222222222,0,0.284461129742
0.133333333333,0,0.172824933998
0.288888888889,0,0.260336048385
0.4,0,0.416731674523
0.133333333333,0,0.25318316551
0.155555555556,0,0.227767867626
0.133333333333,0,0.268331575835
0.444444444444,0,0.558449248496
0.155555555556,0,0.177237229519
0.355555555556,0,0.248546918731
0.133333333333,0,0.232139492019
0.4,0,0.359241613415
0.155555555556,0,0.24301077039
0.284633245784,0,0.303319415545
0.266666666667,0,0.321326618245
0.4,0,0.373349928168
0.555555555556,0,0.393846116915
0.222222222222,0,0.346455860181
0.333333333333,0,0.251479077363
0.133333333333,0,0.279002212218
0.2,0,0.306838475677
0.155555555556,0,0.2486064289
0.133333333333,0,0.29828192094
0.4,0,0.356725453551
0.133333333333,0,0.236875091115
0.222222222222,0,0.25435651121
0.133333333333,0,0.239630133894
0.133333333333,0,0.234891208192
0.555555555556,0,0.845925675315
0.133333333333,0,0.238423801414
0.222222222222,0,0.245821776309
0.4,0,0.421014004952
0.333333333333,0,0.34693018905
0.133333333333,0,0.249707718672
0.222222222222,0,0.241797808326
0.133333333333,0,0.262790398346
0.266666666667,0,0.202244997902
0.222222222222,0,0.306773299286
0.133333333333,0,0.274758023319
0.222222222222,0,0.259080618639
0.155555555556,0,0.247429863896
0.444444444444,0,0.383267898959
0.266666666667,0,0.284857188067
0.666666666667,0,0.562566107703
0.666666666667,0,0.579506588098
0.133333333333,0,0.381463154013
0.155555555556,0,0.286826453274
0.222222222222,0,0.376291654911
0.2,0,0.262859222295
0.444444444444,0,0.576033810029
0.155555555556,0,0.238984048312
0.177777777778,0,0.235207453056
0.133333333333,0,0.267456437311
0.622222222222,0,0.560754309157
0.177777777778,0,0.202391714597
0.133333333333,0,0.262641174749
0.266666666667,0,0.249928698664
0.222222222222,0,0.251565774813
0.4,0,0.339883050065
0.222222222222,0,0.240713270909
0.133333333333,0,0.241006823632
0.133333333333,0,0.211187687008
0.155555555556,0,0.239710999323
0.284633245784,0,0.272644104689
0.222222222222,0,0.258936325349
0.222222222222,0,0.317664665061
0.133333333333,0,0.292922129096
0.177777777778,0,0.240127864859
0.333333333333,0,0.401474305519
0.133333333333,0,0.264171555729
0.222222222222,0,0.448861571586
0.284633245784,0,0.265727477478
0.222222222222,0,0.276168289245
0.133333333333,0,0.244956555771
0.4,0,0.384947115881
0.288888888889,0,0.213272126916
0.177777777778,0,0.259402615764
0.133333333333,0,0.275150877591
0.155555555556,0,0.24024419566
0.155555555556,0,0.249907769087
0.422222222222,0,0.728733393337
0.133333333333,0,0.2457104698
0.155555555556,0,0.24222223688
0.133333333333,0,0.27407025581
0.177777777778,0,0.254471418521
0.2,0,0.250898854171
0.133333333333,0,0.280594080855
0.155555555556,0,0.237204758757
0.511111111111,0,0.333188266425
0.555555555556,0,0.716334503806
0.133333333333,0,0.209193488512
0.222222222222,0,0.249436143692
0.311111111111,0,0.301164442163
0.133333333333,0,0.315646845308
0.222222222222,0,0.246546976474
0.555555555556,0,0.500284086094
0.155555555556,0,0.277649052947
0.177777777778,0,0.288120001332
0.444444444444,0,0.49260197005
0.333333333333,0,0.403224043739
0.133333333333,0,0.246533367138
0.222222222222,0,0.251825337644
0.888888888889,0,1.02316466245
0.133333333333,0,0.250781970005
0.133333333333,0,0.25963199676
0.177777777778,0,0.309824787053
0.222222222222,0,0.259890646482
0.133333333333,0,0.305266901697
0.222222222222,0,0.185585707293
0.133333333333,0,0.243716782143
0.266666666667,0,0.255787470181
0.222222222222,0,0.333987414135
0.222222222222,0,0.311959439093
0.377777777778,0,0.274841779605
0.177777777778,0,0.295718147844
0.266666666667,0,0.283398410577
0.333333333333,0,0.502654119894
0.284633245784,0,0.270491177643
0.222222222222,0,0.246046083234
0.222222222222,0,0.242990420299
0.777777777778,0,0.605680448266
0.222222222222,0,0.227178629156
0.222222222222,0,0.270565183712
0.444444444444,0,1.11894663584
0.711111111111,0,0.768264965077
0.133333333333,0,0.231259412754
0.177777777778,0,0.244903632981
0.266666666667,0,0.303206411856
0.4,0,0.277470501243
0.4,0,0.33502840056
0.177777777778,0,0.32838591714
0.133333333333,0,0.221625931973
0.133333333333,0,0.215608678987
0.777777777778,0,0.667663692744
0.266666666667,0,0.255678766311
0.133333333333,0,0.310377283473
0.222222222222,0,0.251776159681
0.133333333333,0,0.310499830854
0.444444444444,0,0.447629620787
0.177777777778,0,0.490843344629
0.222222222222,0,0.297107212364
0.355555555556,0,0.253540080079
0.133333333333,0,0.237236990859
0.666666666667,0,0.688965403739
0.288888888889,0,0.345987341295
0.133333333333,0,0.23631184415
0.222222222222,0,0.248332138444
0.133333333333,0,0.269626063822
0.444444444444,0,0.356390580699
0.222222222222,0,0.256100639484
0.222222222222,0,0.317371257381
0.222222222222,0,0.290357909588
0.333333333333,0,0.333437855634
0.266666666667,0,0.245020956278
0.177777777778,0,0.240841338426
0.888888888889,0,1.20815512323
0.155555555556,0,0.252695881606
0.222222222222,0,0.258034225886
0.222222222222,0,0.249226470274
0.155555555556,0,0.237015660371
0.4,0,0.396206790599
0.333333333333,0,0.310039716418
0.222222222222,0,0.229698734357
0.555555555556,0,0.473442832723
0.177777777778,0,0.243917859763
0.733333333333,0,0.52624286602
0.444444444444,0,0.453267886845
0.666666666667,0,0.571998284043
0.155555555556,0,0.231152872258
0.4,0,0.477980859989
0.222222222222,0,0.309009082915
0.222222222222,0,0.233098669042
0.733333333333,0,0.815678314468
0.222222222222,0,0.339734054034
0.444444444444,0,0.319738089598
0.222222222222,0,0.310756543089
0.133333333333,0,0.252283537459
0.133333333333,0,0.249726383894
0.333333333333,0,0.326917305124
0.888888888889,0,0.822051376584
0.222222222222,0,0.190220269805
0.444444444444,0,0.379275448096
0.888888888889,0,0.771015965859
0.133333333333,0,0.279972780108
0.666666666667,0,0.384374682906
0.133333333333,0,0.23819765136
0.222222222222,0,0.249513252847
0.888888888889,0,1.16084216667
0.222222222222,0,0.248111948458
0.4,0,0.336612637322
0.222222222222,0,0.328099890902
0.466666666667,0,0.313898404619
0.266666666667,0,0.212909395326
0.355555555556,0,0.394280308553
0.266666666667,0,0.245381717973
0.133333333333,0,0.259113776529
0.333333333333,0,0.265129971719
0.4,0,0.266081558737
0.444444444444,0,0.367194456642
0.444444444444,0,0.50092306471
0.222222222222,0,0.241458932199
0.288888888889,0,0.296569839412
0.222222222222,0,0.396531606638
0.222222222222,0,0.314288002927
0.555555555556,0,0.415837479348
0.333333333333,0,0.380812182187
0.222222222222,0,0.295850681005
0.133333333333,0,0.317742095408
0.266666666667,0,0.250202408155
0.222222222222,0,0.283083269688
1.11111111111,0,1.27688403148
0.133333333333,0,0.246814727994
0.133333333333,0,0.201101615514
0.155555555556,0,0.253211418034
0.311111111111,0,0.268868362706
0.155555555556,0,0.252523685961
0.177777777778,0,0.291055477802
0.177777777778,0,0.240807880337
0.288888888889,0,0.314983537375
0.444444444444,0,0.393138567769
0.155555555556,0,0.245036082503
0.266666666667,0,0.283263334996
0.377777777778,0,0.335746847678
0.666666666667,0,0.601427970267
0.222222222222,0,0.502179091842
0.266666666667,0,0.373292538637
0.488888888889,0,0.289554618931
0.222222222222,0,0.258222027684
0.333333333333,0,0.530031188153
0.177777777778,0,0.238409397223
0.333333333333,0,0.263121891766
0.511111111111,0,0.436698622335
0.288888888889,0,0.259631030201
0.222222222222,0,0.246463636233
0.133333333333,0,0.296783804471
0.133333333333,0,0.217768095905
0.4,0,0.335180256906
0.222222222222,0,0.284481887287
0.422222222222,0,0.323440115229
0.511111111111,0,0.679599542409
0.355555555556,0,0.258609778734
0.133333333333,0,0.271130383354
0.133333333333,0,0.210688625874
0.177777777778,0,0.282864707197
0.266666666667,0,0.235475837134
0.422222222222,0,0.477858239339
0.222222222222,0,0.256286532008
0.333333333333,0,0.358313777959
0.288888888889,0,0.279774897132
0.333333333333,0,0.321217627567
0.133333333333,0,0.252545857784
0.177777777778,0,0.225010896108
0.222222222222,0,0.300691335715
0.222222222222,0,0.284646585038
0.266666666667,0,0.254366420141
0.133333333333,0,0.233612653338
0.466666666667,0,0.549512251532
0.4,0,0.293741881824
0.333333333333,0,0.319815070828
0.177777777778,0,0.25607577748
0.666666666667,0,0.771870709848
0.266666666667,0,0.314845457626
0.4,0,0.432635878119
0.444444444444,0,0.443148032099
0.266666666667,0,0.458982320581
0.133333333333,0,0.187494251039
0.284633245784,0,0.261790001258
0.266666666667,0,0.191557598607
0.222222222222,0,0.255429820835
0.155555555556,0,0.27926503092
0.444444444444,0,0.338968427962
0.177777777778,0,0.235483296848
0.4,0,0.28436502371
0.444444444444,0,0.321944027344
0.555555555556,0,0.46799611579
0.222222222222,0,0.34716098067
0.222222222222,0,0.264355821314
0.444444444444,0,0.317952712687
0.333333333333,0,0.254825145963
0.333333333333,0,0.467809255717
0.222222222222,0,0.307814248684
0.444444444444,0,0.229739736485
0.133333333333,0,0.236014638143
0.4,0,0.392050889736
0.155555555556,0,0.256381801626
0.444444444444,0,0.379139507808
0.133333333333,0,0.273716363573
0.222222222222,0,0.247310058812
0.133333333333,0,0.246143278783
0.133333333333,0,0.256456559492
0.177777777778,0,0.242042540743
0.2,0,0.2246954054
0.733333333333,0,0.688004022487
0.284633245784,0,0.262095261153
0.222222222222,0,0.634182280121
0.155555555556,0,0.195607136344
0.222222222222,0,0.242856672366
0.222222222222,0,0.231992465379
0.133333333333,0,0.309123528699
0.4,0,0.273911188361
0.222222222222,0,0.299467900815
0.133333333333,0,0.281347994885
0.133333333333,0,0.261393697402
0.222222222222,0,0.281861422243
0.311111111111,0,0.268216435421
0.133333333333,0,0.214535287303
0.222222222222,0,0.238409747392
0.177777777778,0,0.266373606724
0.222222222222,0,0.305555110532
0.444444444444,0,0.387405057559
0.311111111111,0,0.270689305835
0.222222222222,0,0.260189798853
0.222222222222,0,0.294246784298
0.133333333333,0,0.251745546352
0.222222222222,0,0.256726980797
0.133333333333,0,0.246293063607
0.444444444444,0,0.395776415626
0.222222222222,0,0.24335098328
0.266666666667,0,0.422514470071
0.222222222222,0,0.605646661313
0.133333333333,0,0.25292631649
0.266666666667,0,0.257571421636
0.666666666667,0,0.62479843094
0.155555555556,0,0.24743231508
0.288888888889,0,0.336870902075
0.444444444444,0,0.337275964464
0.133333333333,0,0.279106737688
0.333333333333,0,0.268128601441
0.155555555556,0,0.215798669694
0.155555555556,0,0.254435784222
0.222222222222,0,0.222680125843
0.133333333333,0,0.277912310956
0.133333333333,0,0.267114934916
0.266666666667,0,0.255726497024
0.155555555556,0,0.236834097703
0.266666666667,0,0.365727162682
0.133333333333,0,0.270252433902
0.333333333333,0,0.347329776483
0.288888888889,0,0.242540103495
0.222222222222,0,0.255767366062
0.333333333333,0,0.359803673346
0.222222222222,0,0.298371829839
0.155555555556,0,0.246335585521
0.177777777778,0,0.258082222679
0.284633245784,0,0.277891300811
0.222222222222,0,0.255959608887
0.444444444444,0,0.208852080393
0.284633245784,0,0.246170029331
0.2,0,0.25110568789
0.288888888889,0,0.3292544296
0.155555555556,0,0.277788457239
0.444444444444,0,0.443771825779
0.133333333333,0,0.192996470449
0.288888888889,0,0.589557405753
0.488888888889,0,0.350725118271
0.133333333333,0,0.249661952783
0.155555555556,0,0.249628488007
0.222222222222,0,0.251556459712
0.155555555556,0,0.252929794551
0.444444444444,0,0.445274434397
0.266666666667,0,0.280093309119
0.133333333333,0,0.231336291691
0.133333333333,0,0.300960009612
0.155555555556,0,0.262790603036
0.333333333333,0,0.279018848367
0.377777777778,0,0.266756016807
0.466666666667,0,0.498440998933
0.133333333333,0,0.201029491662
0.155555555556,0,0.377635856042
0.133333333333,0,0.266566482594
0.177777777778,0,0.286411194423
0.288888888889,0,0.321981824734
0.444444444444,0,0.591578867142
1.0,0,1.03114468499
0.2,0,0.25269464904
0.288888888889,0,0.402038784441
0.155555555556,0,0.242491318189
0.266666666667,0,0.230527645196
0.177777777778,0,0.215700107237
0.222222222222,0,0.255442402215
0.133333333333,0,0.230270171686
0.177777777778,0,0.261823315231
0.444444444444,0,0.426458272153
0.177777777778,0,0.219297364433
0.222222222222,0,0.255145728403
0.333333333333,0,0.345040264976
0.333333333333,0,0.26627433379
0.222222222222,0,0.375630526732
0.177777777778,0,0.263226026537
0.888888888889,0,1.24730557678
0.155555555556,0,0.251569626673
0.266666666667,0,0.275579046462
0.133333333333,0,0.272910058106
0.288888888889,0,0.355971142788
0.284633245784,0,0.263207398152
0.333333333333,0,0.262764063847
0.133333333333,0,0.261314996901
0.222222222222,0,0.241999505716
0.288888888889,0,0.304485765682
0.555555555556,0,0.782459984105
0.177777777778,0,0.26069598889
0.133333333333,0,0.240382909874
0.222222222222,0,0.239061925154
0.555555555556,0,0.47594895535
0.284633245784,0,0.262300372692
0.133333333333,0,0.279284599373
0.155555555556,0,0.273602939404
0.177777777778,0,0.208583591848
0.155555555556,0,0.180120922745
0.333333333333,0,0.331409983236
0.4,0,0.380910941948
0.444444444444,0,0.414911186449
0.266666666667,0,0.262128991937
0.155555555556,0,0.243653943448
0.2,0,0.555626983697
0.4,0,0.310210649553
0.222222222222,0,0.284929867238
0.133333333333,0,0.237232805485
0.222222222222,0,0.242853807773
0.155555555556,0,0.246669821908
0.622222222222,0,0.425036112738
0.222222222222,0,0.256861008013
0.133333333333,0,0.250076211337
0.488888888889,0,0.335710686839
0.133333333333,0,0.239225250895
0.133333333333,0,0.225116174267
0.266666666667,0,0.222615763725
0.133333333333,0,0.238291962765
0.288888888889,0,0.273956914956
0.177777777778,0,0.234082232313
0.133333333333,0,0.249183184109
0.155555555556,0,0.240330048508
0.555555555556,0,0.450011977058
0.155555555556,0,0.224583740928
0.444444444444,0,0.395983441057
0.222222222222,0,0.285101173258
0.2,0,0.240687398544
0.133333333333,0,0.255048930282
0.711111111111,0,0.676173894802
0.8,0,0.693379357153
0.155555555556,0,0.24790399283
0.222222222222,0,0.398550832871
0.133333333333,0,0.2765511162
0.266666666667,0,0.279797709307
0.155555555556,0,0.24409911952
0.444444444444,0,0.267903855285
0.222222222222,0,0.221331114057
0.622222222222,0,0.593658220323
0.666666666667,0,0.704439697208
0.4,0,0.501415019121
0.333333333333,0,0.379087785588
0.222222222222,0,0.35938884537
0.2,0,0.266424293699
0.444444444444,0,0.40170908564
0.133333333333,0,0.240137003638
0.2,0,0.255506220497
0.355555555556,0,0.331972899081
0.155555555556,0,0.238164915292
0.133333333333,0,0.247695536627
0.4,0,0.401958197755
0.222222222222,0,0.242933669279
0.266666666667,0,0.328207613059
0.444444444444,0,0.345829934578
0.155555555556,0,0.249388335932
0.511111111111,0,0.4596081805
0.333333333333,0,0.290447564985
0.155555555556,0,0.235016632636
0.222222222222,0,0.208459820902
0.444444444444,0,0.327313401751
0.222222222222,0,0.294928575674
0.622222222222,0,0.752267893261
0.266666666667,0,0.301114023068
0.222222222222,0,0.30601975511
0.177777777778,0,0.247126944013
0.888888888889,0,0.75891333017
0.4,0,0.275726083182
0.511111111111,0,0.529905074861
0.511111111111,0,0.532681058703
0.333333333333,0,0.370555330464
0.177777777778,0,0.180963310141
0.333333333333,0,0.342432254885
0.177777777778,0,0.280212113647
0.444444444444,0,0.501151385248
0.222222222222,0,0.311990568689
0.266666666667,0,0.304781722797
0.444444444444,0,0.361262993661
0.222222222222,0,0.622917457523
0.177777777778,0,0.255206482738
